{
  "accuracy": [
    0.4992454946041107,
    0.5047010779380798,
    0.5087637901306152,
    0.49599534273147583,
    0.5149158239364624,
    0.5127103924751282,
    0.5030760169029236,
    0.5123621821403503,
    0.510504961013794,
    0.5084155797958374,
    0.50493323802948,
    0.5322112441062927,
    0.5644805431365967,
    0.5737667083740234,
    0.5808473825454712,
    0.5834010243415833,
    0.5861868858337402,
    0.5982588529586792
  ],
  "auc": [
    0.50025874376297,
    0.505355179309845,
    0.5090214610099792,
    0.4943753480911255,
    0.5170952081680298,
    0.5127604007720947,
    0.5116397142410278,
    0.5174617767333984,
    0.5162904262542725,
    0.5087059140205383,
    0.5050724148750305,
    0.5478835105895996,
    0.5924093723297119,
    0.6031054258346558,
    0.616112232208252,
    0.6174706816673279,
    0.630858302116394,
    0.6383336782455444
  ],
  "loss": [
    0.7060737013816833,
    0.7052055597305298,
    0.7038775086402893,
    0.704692006111145,
    0.7026100754737854,
    0.7027118802070618,
    0.7026273012161255,
    0.7014473080635071,
    0.7014793157577515,
    0.7021228075027466,
    0.7025339603424072,
    0.6979513764381409,
    0.6893847584724426,
    0.6855269074440002,
    0.6812555193901062,
    0.6803332567214966,
    0.6744699478149414,
    0.6725739240646362
  ],
  "val_accuracy": [
    0.5041782855987549,
    0.5004642605781555,
    0.4981429874897003,
    0.5018569827079773,
    0.5027855038642883,
    0.5046425461769104,
    0.5027855038642883,
    0.5060352683067322,
    0.5046425461769104,
    0.5027855038642883,
    0.5027855038642883,
    0.5027855038642883,
    0.5027855038642883,
    0.5041782855987549,
    0.5023212432861328,
    0.5027855038642883,
    0.5088207721710205,
    0.5037140250205994
  ],
  "val_auc": [
    0.49058234691619873,
    0.49418652057647705,
    0.4960125684738159,
    0.5071286559104919,
    0.49948400259017944,
    0.508293867111206,
    0.49822741746902466,
    0.5055815577507019,
    0.49226653575897217,
    0.5140814781188965,
    0.49207425117492676,
    0.49442875385284424,
    0.49850672483444214,
    0.4989878237247467,
    0.5085538029670715,
    0.4989550709724426,
    0.5027403235435486,
    0.5025937557220459
  ],
  "val_loss": [
    0.7045091390609741,
    0.7044161558151245,
    0.7058548927307129,
    0.7037342190742493,
    0.7043900489807129,
    0.7031134366989136,
    0.7053133249282837,
    0.7024171948432922,
    0.7043054699897766,
    0.7024527788162231,
    0.7026064395904541,
    0.7033754587173462,
    0.7041725516319275,
    0.7061293125152588,
    0.7028180956840515,
    0.7031825184822083,
    0.7026934027671814,
    0.7036823630332947
  ],
  "learning_rate": [
    0.0005000000237487257,
    0.0005000000237487257,
    0.0005000000237487257,
    0.0005000000237487257,
    0.0005000000237487257,
    0.0005000000237487257,
    0.0005000000237487257,
    0.0005000000237487257,
    0.0005000000237487257,
    0.0005000000237487257,
    0.0005000000237487257,
    0.0005000000237487257,
    0.00020000000949949026,
    0.00020000000949949026,
    0.00020000000949949026,
    0.00020000000949949026,
    8.000000525498763e-05,
    8.000000525498763e-05
  ]
}