{
  "accuracy": [
    0.6242600083351135,
    0.6345908045768738,
    0.6379570364952087,
    0.6431804895401001,
    0.6489843130111694,
    0.6494486331939697,
    0.655832827091217,
    0.6551364064216614,
    0.6589668989181519,
    0.6560649871826172,
    0.6618688106536865
  ],
  "auc": [
    0.7006881237030029,
    0.7151618599891663,
    0.7176569700241089,
    0.7233216166496277,
    0.7279576659202576,
    0.730246365070343,
    0.7406451106071472,
    0.7371538281440735,
    0.7425325512886047,
    0.7395626902580261,
    0.7458307147026062
  ],
  "loss": [
    0.6190322041511536,
    0.6107926964759827,
    0.6054345965385437,
    0.6057010889053345,
    0.6008882522583008,
    0.5962340235710144,
    0.5898268222808838,
    0.5898240208625793,
    0.5892734527587891,
    0.5867583751678467,
    0.5857738256454468
  ],
  "val_accuracy": [
    0.6383472681045532,
    0.6429898142814636,
    0.6346332430839539,
    0.6374187469482422,
    0.6299906969070435,
    0.630454957485199,
    0.6262766718864441,
    0.6318477392196655,
    0.6253482103347778,
    0.630454957485199,
    0.6295264363288879
  ],
  "val_auc": [
    0.716319739818573,
    0.7147681713104248,
    0.7183062434196472,
    0.7160729765892029,
    0.7116422653198242,
    0.7143561840057373,
    0.714972734451294,
    0.7126030921936035,
    0.710087239742279,
    0.7119386196136475,
    0.7130457758903503
  ],
  "val_loss": [
    0.6097391843795776,
    0.6143399477005005,
    0.6134436726570129,
    0.6152867674827576,
    0.6175661683082581,
    0.616172730922699,
    0.6203387379646301,
    0.6227365732192993,
    0.6230486631393433,
    0.6214829683303833,
    0.6221996545791626
  ],
  "learning_rate": [
    0.0005000000237487257,
    0.0005000000237487257,
    0.0005000000237487257,
    0.0005000000237487257,
    0.0005000000237487257,
    0.00020000000949949026,
    0.00020000000949949026,
    0.00020000000949949026,
    0.00020000000949949026,
    8.000000525498763e-05,
    8.000000525498763e-05
  ]
}