{
  "accuracy": [
    0.4923969805240631,
    0.49599534273147583,
    0.4973882734775543,
    0.5050493478775024,
    0.5036563873291016,
    0.503772497177124,
    0.5070226192474365,
    0.5086476802825928,
    0.5150319337844849,
    0.5173534750938416,
    0.5272199511528015,
    0.5175856351852417,
    0.527916431427002,
    0.525710940361023
  ],
  "auc": [
    0.4953248202800751,
    0.5005010366439819,
    0.49953874945640564,
    0.5078237056732178,
    0.5041264295578003,
    0.502448558807373,
    0.507121741771698,
    0.5147016048431396,
    0.5222523212432861,
    0.5292947292327881,
    0.5342490673065186,
    0.5271978378295898,
    0.5374222993850708,
    0.5331414341926575
  ],
  "loss": [
    0.7065884470939636,
    0.7055569291114807,
    0.705121636390686,
    0.7038039565086365,
    0.7037825584411621,
    0.7037291526794434,
    0.7026042938232422,
    0.7017570734024048,
    0.7005348801612854,
    0.6996597647666931,
    0.6990030407905579,
    0.6995008587837219,
    0.6983427405357361,
    0.6982926726341248
  ],
  "val_accuracy": [
    0.4842154085636139,
    0.5004642605781555,
    0.49442896246910095,
    0.4860724210739136,
    0.4865366816520691,
    0.4893221855163574,
    0.5120705366134644,
    0.5148561000823975,
    0.5083565711975098,
    0.509285032749176,
    0.509285032749176,
    0.5088207721710205,
    0.48746517300605774,
    0.49442896246910095
  ],
  "val_auc": [
    0.48359835147857666,
    0.4935643970966339,
    0.4923228919506073,
    0.5033583641052246,
    0.4946635961532593,
    0.5060345530509949,
    0.5009991526603699,
    0.4964686632156372,
    0.5049698352813721,
    0.5035493969917297,
    0.4971073269844055,
    0.503841757774353,
    0.5012781620025635,
    0.4927467703819275
  ],
  "val_loss": [
    0.7064957618713379,
    0.7039828300476074,
    0.7040800452232361,
    0.7043796181678772,
    0.7057968974113464,
    0.7039525508880615,
    0.701708972454071,
    0.7011814117431641,
    0.701029360294342,
    0.700736939907074,
    0.7006677389144897,
    0.7006121277809143,
    0.7006653547286987,
    0.7007802128791809
  ],
  "learning_rate": [
    0.0005000000237487257,
    0.0005000000237487257,
    0.0005000000237487257,
    0.0005000000237487257,
    0.0005000000237487257,
    0.0005000000237487257,
    0.00020000000949949026,
    0.00020000000949949026,
    0.00020000000949949026,
    0.00020000000949949026,
    0.00020000000949949026,
    0.00020000000949949026,
    0.00020000000949949026,
    0.00020000000949949026
  ]
}