{
  "accuracy": [
    0.6256529092788696,
    0.6243760585784912,
    0.6277422904968262,
    0.6318050026893616,
    0.6338943839073181,
    0.6326175332069397,
    0.6322693228721619,
    0.638421356678009,
    0.6406267881393433,
    0.6480557322502136,
    0.6537434458732605,
    0.6531630754470825
  ],
  "auc": [
    0.6932424902915955,
    0.6983002424240112,
    0.7020061016082764,
    0.7065038084983826,
    0.7087082862854004,
    0.7108871936798096,
    0.7103950381278992,
    0.7189423441886902,
    0.7235113382339478,
    0.7311435341835022,
    0.7338837385177612,
    0.7397047877311707
  ],
  "loss": [
    0.6262500882148743,
    0.6180389523506165,
    0.6173415780067444,
    0.612680971622467,
    0.6086465716362,
    0.607757031917572,
    0.6077786087989807,
    0.6014494895935059,
    0.6000061631202698,
    0.5919620990753174,
    0.590718150138855,
    0.5849757194519043
  ],
  "val_accuracy": [
    0.6151346564292908,
    0.6183844208717346,
    0.6155988574028015,
    0.616063117980957,
    0.6179201602935791,
    0.6146703958511353,
    0.6132776141166687,
    0.6104921102523804,
    0.6081708669662476,
    0.6151346564292908,
    0.6188486814498901,
    0.6137418746948242
  ],
  "val_auc": [
    0.6874831318855286,
    0.6873527765274048,
    0.6883981823921204,
    0.6889733076095581,
    0.6877051591873169,
    0.6846051216125488,
    0.6836482286453247,
    0.6786905527114868,
    0.6807136535644531,
    0.6825889945030212,
    0.685117244720459,
    0.6792048215866089
  ],
  "val_loss": [
    0.6243881583213806,
    0.6219465732574463,
    0.624504029750824,
    0.6214190721511841,
    0.6211457848548889,
    0.6296775937080383,
    0.6257156133651733,
    0.6312434673309326,
    0.6310585737228394,
    0.632673978805542,
    0.6335846781730652,
    0.6360363364219666
  ],
  "learning_rate": [
    0.0005000000237487257,
    0.0005000000237487257,
    0.0005000000237487257,
    0.0005000000237487257,
    0.0005000000237487257,
    0.0005000000237487257,
    0.0005000000237487257,
    0.0005000000237487257,
    0.0005000000237487257,
    0.00020000000949949026,
    0.00020000000949949026,
    0.00020000000949949026
  ]
}