{
  "accuracy": [
    0.5634358525276184,
    0.5799187421798706,
    0.5923389196395874,
    0.5885084271430969,
    0.5916424989700317,
    0.598026692867279,
    0.6000000238418579,
    0.5974463224411011,
    0.6075449585914612,
    0.6082414388656616,
    0.6085896492004395,
    0.6163668036460876,
    0.6189205050468445,
    0.613464891910553,
    0.618804395198822,
    0.6248403787612915,
    0.627510130405426,
    0.624956488609314,
    0.629135251045227,
    0.6309924721717834,
    0.6348229646682739
  ],
  "auc": [
    0.5860362648963928,
    0.6080324649810791,
    0.6222835779190063,
    0.6237640976905823,
    0.6310278177261353,
    0.6344649195671082,
    0.6375905275344849,
    0.6448988914489746,
    0.6487399339675903,
    0.6515902876853943,
    0.6584969758987427,
    0.6615977883338928,
    0.66762375831604,
    0.6640864014625549,
    0.6767289638519287,
    0.6830538511276245,
    0.6877543330192566,
    0.6859764456748962,
    0.6913535594940186,
    0.6930083632469177,
    0.6942489147186279
  ],
  "loss": [
    0.6938427090644836,
    0.6862717270851135,
    0.6810687184333801,
    0.6802002787590027,
    0.6765810251235962,
    0.6764232516288757,
    0.6750767230987549,
    0.6702594757080078,
    0.6683735251426697,
    0.6673031449317932,
    0.6634681224822998,
    0.6616198420524597,
    0.6586197018623352,
    0.6600456237792969,
    0.6522641777992249,
    0.6480875611305237,
    0.6463190913200378,
    0.6456522941589355,
    0.6424914002418518,
    0.6404231786727905,
    0.6412321925163269
  ],
  "val_accuracy": [
    0.5807799696922302,
    0.5835654735565186,
    0.5896007418632507,
    0.5942432880401611,
    0.5891364812850952,
    0.5798514485359192,
    0.5854224562644958,
    0.5909935235977173,
    0.5919219851493835,
    0.5984215140342712,
    0.5979573130607605,
    0.5947075486183167,
    0.5998142957687378,
    0.5896007418632507,
    0.5896007418632507,
    0.5882079601287842,
    0.582172691822052,
    0.5798514485359192,
    0.5784586668014526,
    0.5747446417808533,
    0.5747446417808533
  ],
  "val_auc": [
    0.6202051639556885,
    0.623788595199585,
    0.6273965835571289,
    0.6246106624603271,
    0.6263150572776794,
    0.6184800863265991,
    0.625049889087677,
    0.6290634870529175,
    0.6281677484512329,
    0.6291407346725464,
    0.625417172908783,
    0.6294091939926147,
    0.6297023296356201,
    0.6246205568313599,
    0.6248490214347839,
    0.6243033409118652,
    0.6224018335342407,
    0.6198714971542358,
    0.621169924736023,
    0.6210328340530396,
    0.6221363544464111
  ],
  "val_loss": [
    0.6890475153923035,
    0.6841259002685547,
    0.680679202079773,
    0.6815527677536011,
    0.6815987825393677,
    0.6858331561088562,
    0.6877446174621582,
    0.6796697974205017,
    0.6817466020584106,
    0.6794750094413757,
    0.6804488897323608,
    0.6804900765419006,
    0.6811477541923523,
    0.6811529994010925,
    0.6811454892158508,
    0.6813938617706299,
    0.6829570531845093,
    0.684777021408081,
    0.6839659214019775,
    0.684252142906189,
    0.6836569905281067
  ],
  "learning_rate": [
    0.0005000000237487257,
    0.0005000000237487257,
    0.0005000000237487257,
    0.0005000000237487257,
    0.0005000000237487257,
    0.0005000000237487257,
    0.0005000000237487257,
    0.00020000000949949026,
    0.00020000000949949026,
    0.00020000000949949026,
    0.00020000000949949026,
    0.00020000000949949026,
    0.00020000000949949026,
    0.00020000000949949026,
    8.000000525498763e-05,
    8.000000525498763e-05,
    8.000000525498763e-05,
    8.000000525498763e-05,
    3.2000003557186574e-05,
    3.2000003557186574e-05,
    3.2000003557186574e-05
  ]
}