{
  "accuracy": [
    0.5800348520278931,
    0.5925710797309875,
    0.5937318801879883,
    0.5993035435676575,
    0.6024376153945923,
    0.6094021797180176,
    0.596053421497345,
    0.6080092787742615,
    0.6172954440116882,
    0.618804395198822,
    0.6241439580917358,
    0.6335461139678955,
    0.6376088261604309,
    0.6349390745162964,
    0.6341265439987183,
    0.6387695670127869,
    0.6434126496315002,
    0.6432965993881226,
    0.6385374069213867,
    0.6450377106666565
  ],
  "auc": [
    0.6103213429450989,
    0.6308718919754028,
    0.6362165212631226,
    0.6414461135864258,
    0.6460157632827759,
    0.6485884189605713,
    0.6472926139831543,
    0.6631631255149841,
    0.6737182140350342,
    0.6743855476379395,
    0.6802471876144409,
    0.6901273727416992,
    0.6963770985603333,
    0.697588324546814,
    0.7000384330749512,
    0.7044349312782288,
    0.7094693183898926,
    0.7086988687515259,
    0.7058950066566467,
    0.7150247097015381
  ],
  "loss": [
    0.6852095127105713,
    0.676515519618988,
    0.6741321086883545,
    0.672288715839386,
    0.6700976490974426,
    0.6691193580627441,
    0.6683909893035889,
    0.661038875579834,
    0.6543759107589722,
    0.6537987589836121,
    0.6496200561523438,
    0.6432377696037292,
    0.639335036277771,
    0.6373441815376282,
    0.6355948448181152,
    0.6314629316329956,
    0.6280546188354492,
    0.6293733716011047,
    0.6316754817962646,
    0.6236802935600281
  ],
  "val_accuracy": [
    0.5640668272972107,
    0.5464252829551697,
    0.5682451128959656,
    0.5371401906013489,
    0.5580315589904785,
    0.5733519196510315,
    0.5566388368606567,
    0.5682451128959656,
    0.5710306167602539,
    0.5779944062232971,
    0.5677808523178101,
    0.5756731629371643,
    0.5654596090316772,
    0.5691736340522766,
    0.5705664157867432,
    0.5710306167602539,
    0.5682451128959656,
    0.5668523907661438,
    0.5659238696098328,
    0.5663881301879883
  ],
  "val_auc": [
    0.6005182862281799,
    0.583581268787384,
    0.6021378040313721,
    0.581646203994751,
    0.5953730940818787,
    0.6041995882987976,
    0.598743200302124,
    0.6057726144790649,
    0.6059393882751465,
    0.605252742767334,
    0.5997583866119385,
    0.6075610518455505,
    0.6034055948257446,
    0.6047043800354004,
    0.6055678129196167,
    0.6060691475868225,
    0.6052669286727905,
    0.6045332551002502,
    0.6053268909454346,
    0.605194091796875
  ],
  "val_loss": [
    0.6941502094268799,
    0.7004262208938599,
    0.6932470798492432,
    0.7152143716812134,
    0.6971655488014221,
    0.7027410268783569,
    0.7044699788093567,
    0.6983003616333008,
    0.6980832815170288,
    0.7026135921478271,
    0.7123229503631592,
    0.7044812440872192,
    0.7092754244804382,
    0.7145024538040161,
    0.7161722779273987,
    0.7173132300376892,
    0.7194284796714783,
    0.7210071086883545,
    0.726586103439331,
    0.7238470315933228
  ],
  "learning_rate": [
    0.0005000000237487257,
    0.0005000000237487257,
    0.0005000000237487257,
    0.0005000000237487257,
    0.0005000000237487257,
    0.0005000000237487257,
    0.0005000000237487257,
    0.00020000000949949026,
    0.00020000000949949026,
    0.00020000000949949026,
    0.00020000000949949026,
    8.000000525498763e-05,
    8.000000525498763e-05,
    8.000000525498763e-05,
    8.000000525498763e-05,
    3.2000003557186574e-05,
    3.2000003557186574e-05,
    3.2000003557186574e-05,
    3.2000003557186574e-05,
    1.2800001059076749e-05
  ]
}