{
  "accuracy": [
    0.6152060627937317,
    0.6251886487007141,
    0.624956488609314,
    0.6344747543334961,
    0.6414393782615662,
    0.6328496932983398,
    0.6394660472869873,
    0.6402785778045654,
    0.6427161693572998,
    0.6463145613670349,
    0.655832827091217,
    0.6567614674568176,
    0.6497968435287476,
    0.661984920501709
  ],
  "auc": [
    0.692978024482727,
    0.7053189873695374,
    0.7074280381202698,
    0.7153782844543457,
    0.7235183715820312,
    0.7187775373458862,
    0.7231431007385254,
    0.7280873656272888,
    0.7289869785308838,
    0.7302701473236084,
    0.7424625158309937,
    0.7463229298591614,
    0.7438374161720276,
    0.7499143481254578
  ],
  "loss": [
    0.6214739680290222,
    0.6129385232925415,
    0.611219048500061,
    0.6063148975372314,
    0.5997453331947327,
    0.5997028946876526,
    0.6008238196372986,
    0.5953925848007202,
    0.5955551266670227,
    0.5932814478874207,
    0.5834220051765442,
    0.5796117186546326,
    0.5786176919937134,
    0.5774309039115906
  ],
  "val_accuracy": [
    0.6197771430015564,
    0.6234911680221558,
    0.6253482103347778,
    0.6197771430015564,
    0.6169916391372681,
    0.6248839497566223,
    0.6155988574028015,
    0.6197771430015564,
    0.6197771430015564,
    0.6253482103347778,
    0.6248839497566223,
    0.6207056641578674,
    0.6244196891784668,
    0.6230269074440002
  ],
  "val_auc": [
    0.7058058977127075,
    0.7088046669960022,
    0.7090396285057068,
    0.7079788446426392,
    0.7039903998374939,
    0.7108840942382812,
    0.7010089755058289,
    0.7013405561447144,
    0.6976069808006287,
    0.7047080397605896,
    0.707363486289978,
    0.708132803440094,
    0.7058361172676086,
    0.7054286003112793
  ],
  "val_loss": [
    0.6038621664047241,
    0.6033109426498413,
    0.6032827496528625,
    0.6041051149368286,
    0.6045495271682739,
    0.6024987697601318,
    0.6081535816192627,
    0.6100603342056274,
    0.6148843169212341,
    0.6090498566627502,
    0.6134949326515198,
    0.6132542490959167,
    0.6158393025398254,
    0.6166998147964478
  ],
  "learning_rate": [
    0.0005000000237487257,
    0.0005000000237487257,
    0.0005000000237487257,
    0.0005000000237487257,
    0.0005000000237487257,
    0.0005000000237487257,
    0.0005000000237487257,
    0.0005000000237487257,
    0.0005000000237487257,
    0.0005000000237487257,
    0.00020000000949949026,
    0.00020000000949949026,
    0.00020000000949949026,
    0.00020000000949949026
  ]
}