{
  "accuracy": [
    0.581775963306427,
    0.5945444107055664,
    0.6004642844200134,
    0.6104468703269958,
    0.604178786277771,
    0.6121880412101746,
    0.6070806980133057,
    0.60951828956604,
    0.6172954440116882,
    0.6201973557472229,
    0.6233314275741577,
    0.6277422904968262,
    0.6315728425979614,
    0.6313406825065613,
    0.6452698707580566,
    0.6488682627677917,
    0.641787588596344,
    0.6529309153556824,
    0.6571096777915955,
    0.6525827050209045,
    0.6509576439857483,
    0.6603598594665527,
    0.6615206003189087,
    0.661984920501709,
    0.6604759097099304
  ],
  "auc": [
    0.6084326505661011,
    0.6261632442474365,
    0.6340044140815735,
    0.64495849609375,
    0.6464590430259705,
    0.6512566804885864,
    0.6469047665596008,
    0.6544289588928223,
    0.6675538420677185,
    0.6703604459762573,
    0.6712363958358765,
    0.6786571741104126,
    0.6856324672698975,
    0.6880246996879578,
    0.7006970047950745,
    0.7030001878738403,
    0.70467209815979,
    0.7109946012496948,
    0.7120237350463867,
    0.7132186889648438,
    0.7127490639686584,
    0.7215657234191895,
    0.7254493236541748,
    0.7292451858520508,
    0.7315999865531921
  ],
  "loss": [
    0.6867378354072571,
    0.6794164180755615,
    0.6769986748695374,
    0.6721091270446777,
    0.6718462109565735,
    0.6698321104049683,
    0.6718162894248962,
    0.668120265007019,
    0.6607733368873596,
    0.6593397855758667,
    0.6590242385864258,
    0.6551368236541748,
    0.6496783494949341,
    0.6480718851089478,
    0.6406678557395935,
    0.6381186246871948,
    0.6368988752365112,
    0.6325618028640747,
    0.6321897506713867,
    0.6305737495422363,
    0.6311426162719727,
    0.624925434589386,
    0.6217969655990601,
    0.618560791015625,
    0.6157957315444946
  ],
  "val_accuracy": [
    0.5803157091140747,
    0.5961002707481384,
    0.6118848919868469,
    0.6007428169250488,
    0.6053853034973145,
    0.5998142957687378,
    0.6025997996330261,
    0.6063138246536255,
    0.6039925813674927,
    0.6049211025238037,
    0.6063138246536255,
    0.6039925813674927,
    0.60584956407547,
    0.6030640602111816,
    0.6025997996330261,
    0.5988857746124268,
    0.5988857746124268,
    0.5979573130607605,
    0.5984215140342712,
    0.5956360101699829,
    0.5988857746124268,
    0.5998142957687378,
    0.5961002707481384,
    0.5988857746124268,
    0.5988857746124268
  ],
  "val_auc": [
    0.6185529828071594,
    0.6306197643280029,
    0.6405704617500305,
    0.6426731944084167,
    0.6391729116439819,
    0.6337131261825562,
    0.644706130027771,
    0.6500426530838013,
    0.6497512459754944,
    0.6543218493461609,
    0.6492452621459961,
    0.6533256769180298,
    0.6520613431930542,
    0.6541455984115601,
    0.6549304723739624,
    0.6542097330093384,
    0.6564038991928101,
    0.6548162698745728,
    0.6533782482147217,
    0.6512009501457214,
    0.6524945497512817,
    0.6526182889938354,
    0.6522428393363953,
    0.6513793468475342,
    0.6503150463104248
  ],
  "val_loss": [
    0.6858192086219788,
    0.6791313886642456,
    0.6768877506256104,
    0.6792470216751099,
    0.6798621416091919,
    0.6803520321846008,
    0.6846034526824951,
    0.6751196384429932,
    0.679590106010437,
    0.6737226843833923,
    0.6799229383468628,
    0.673694908618927,
    0.6751812100410461,
    0.6768816113471985,
    0.6749595403671265,
    0.6773024201393127,
    0.6735132336616516,
    0.6772387623786926,
    0.6799448728561401,
    0.6884188055992126,
    0.6824181079864502,
    0.6816031336784363,
    0.6844495534896851,
    0.6845322847366333,
    0.6884588599205017
  ],
  "learning_rate": [
    0.0005000000237487257,
    0.0005000000237487257,
    0.0005000000237487257,
    0.0005000000237487257,
    0.0005000000237487257,
    0.0005000000237487257,
    0.0005000000237487257,
    0.00020000000949949026,
    0.00020000000949949026,
    0.00020000000949949026,
    0.00020000000949949026,
    0.00020000000949949026,
    0.00020000000949949026,
    0.00020000000949949026,
    8.000000525498763e-05,
    8.000000525498763e-05,
    8.000000525498763e-05,
    8.000000525498763e-05,
    8.000000525498763e-05,
    8.000000525498763e-05,
    8.000000525498763e-05,
    3.2000003557186574e-05,
    3.2000003557186574e-05,
    3.2000003557186574e-05,
    3.2000003557186574e-05
  ]
}