{
  "accuracy": [
    0.5577481389045715,
    0.5737667083740234,
    0.5745792388916016,
    0.5865350961685181,
    0.5850261449813843,
    0.585142195224762,
    0.5850261449813843,
    0.5915263891220093,
    0.5948926210403442,
    0.60951828956604
  ],
  "auc": [
    0.5775066018104553,
    0.5938218832015991,
    0.6049526929855347,
    0.6089627742767334,
    0.6136587262153625,
    0.6169043779373169,
    0.6188002228736877,
    0.6252647042274475,
    0.6251503229141235,
    0.6449617147445679
  ],
  "loss": [
    0.6969568133354187,
    0.6915079355239868,
    0.6872320175170898,
    0.6861621141433716,
    0.684613049030304,
    0.6832294464111328,
    0.682674765586853,
    0.6804194450378418,
    0.6806695461273193,
    0.6719714999198914
  ],
  "val_accuracy": [
    0.5705664157867432,
    0.5636026263237,
    0.5714948773384094,
    0.5677808523178101,
    0.5696378946304321,
    0.5752089023590088,
    0.5733519196510315,
    0.5798514485359192,
    0.582172691822052,
    0.5770659446716309
  ],
  "val_auc": [
    0.6064642667770386,
    0.615647554397583,
    0.6104888319969177,
    0.6056052446365356,
    0.6084508895874023,
    0.6082546710968018,
    0.6073034405708313,
    0.6124957799911499,
    0.6068036556243896,
    0.6062244176864624
  ],
  "val_loss": [
    0.6919264197349548,
    0.6915044188499451,
    0.6895063519477844,
    0.6903843879699707,
    0.6872304677963257,
    0.6901920437812805,
    0.6889867782592773,
    0.6872079372406006,
    0.6934194564819336,
    0.6966265439987183
  ],
  "learning_rate": [
    0.0005000000237487257,
    0.0005000000237487257,
    0.0005000000237487257,
    0.0005000000237487257,
    0.0005000000237487257,
    0.0005000000237487257,
    0.0005000000237487257,
    0.0005000000237487257,
    0.0005000000237487257,
    0.00020000000949949026
  ]
}