{
  "accuracy": [
    0.5674985647201538,
    0.5868833661079407,
    0.5948926210403442,
    0.5990713834762573,
    0.5990713834762573,
    0.6074289083480835,
    0.6114915609359741,
    0.6084735989570618,
    0.6157864332199097,
    0.6153221130371094,
    0.6119558811187744,
    0.6201973557472229,
    0.6207777261734009,
    0.621590256690979,
    0.6248403787612915,
    0.6280905604362488,
    0.630876362323761,
    0.6410911083221436,
    0.6393499970436096,
    0.6485200524330139,
    0.6533952355384827,
    0.650493323802948,
    0.6572257876396179,
    0.6564132571220398,
    0.6561810970306396,
    0.6638421416282654,
    0.6627974510192871,
    0.658038318157196,
    0.6645386219024658
  ],
  "auc": [
    0.5952967405319214,
    0.621908962726593,
    0.6280854940414429,
    0.6344282627105713,
    0.6364172101020813,
    0.6403980851173401,
    0.6514773368835449,
    0.6505323648452759,
    0.6553807258605957,
    0.6580532193183899,
    0.6597659587860107,
    0.6639631986618042,
    0.6691523790359497,
    0.6697976589202881,
    0.6700092554092407,
    0.6776832938194275,
    0.6857989430427551,
    0.6957229971885681,
    0.695807933807373,
    0.7039551734924316,
    0.7141804695129395,
    0.7129867672920227,
    0.7164866924285889,
    0.7195218801498413,
    0.7251715660095215,
    0.7265986204147339,
    0.7282354831695557,
    0.7277919054031372,
    0.7337294816970825
  ],
  "loss": [
    0.6901880502700806,
    0.6806436777114868,
    0.6784741282463074,
    0.6756688952445984,
    0.6753181219100952,
    0.6738314032554626,
    0.6697933077812195,
    0.6701602339744568,
    0.6685669422149658,
    0.6675122380256653,
    0.6651192903518677,
    0.6643484830856323,
    0.6606600880622864,
    0.6611968874931335,
    0.661455512046814,
    0.6570255160331726,
    0.650032639503479,
    0.6444283127784729,
    0.6435179710388184,
    0.6390207409858704,
    0.6306120753288269,
    0.6308931708335876,
    0.629225492477417,
    0.6267334222793579,
    0.6213474869728088,
    0.6210587024688721,
    0.6201213002204895,
    0.6193289160728455,
    0.6148034334182739
  ],
  "val_accuracy": [
    0.5779944062232971,
    0.583101212978363,
    0.558495819568634,
    0.5896007418632507,
    0.5840297341346741,
    0.5886722207069397,
    0.5947075486183167,
    0.5933147668838501,
    0.5900650024414062,
    0.5896007418632507,
    0.5956360101699829,
    0.5863509774208069,
    0.5863509774208069,
    0.583101212978363,
    0.5970287919044495,
    0.5998142957687378,
    0.6012070775032043,
    0.5998142957687378,
    0.5993500351905823,
    0.6044568419456482,
    0.6090993285179138,
    0.6030640602111816,
    0.5998142957687378,
    0.6012070775032043,
    0.6039925813674927,
    0.6007428169250488,
    0.606778085231781,
    0.6030640602111816,
    0.6007428169250488
  ],
  "val_auc": [
    0.6306430697441101,
    0.63763427734375,
    0.6363878846168518,
    0.636111855506897,
    0.6421983242034912,
    0.650309145450592,
    0.6531258821487427,
    0.6530331969261169,
    0.6507999897003174,
    0.6413102149963379,
    0.6547808051109314,
    0.6407051086425781,
    0.6405075788497925,
    0.6461700201034546,
    0.6572878956794739,
    0.6580581665039062,
    0.6554100513458252,
    0.658596932888031,
    0.6513347625732422,
    0.6589220762252808,
    0.659433126449585,
    0.6547489166259766,
    0.651043713092804,
    0.6516668796539307,
    0.6536068320274353,
    0.6519877314567566,
    0.6538228988647461,
    0.6528175473213196,
    0.6529266834259033
  ],
  "val_loss": [
    0.687976598739624,
    0.6848962903022766,
    0.6912032961845398,
    0.683373212814331,
    0.6818808913230896,
    0.6817720532417297,
    0.6773608326911926,
    0.6790863275527954,
    0.6801769137382507,
    0.6812717318534851,
    0.6759090423583984,
    0.6876085996627808,
    0.6873567700386047,
    0.6875765323638916,
    0.6798566579818726,
    0.6760162711143494,
    0.6783527135848999,
    0.6780148148536682,
    0.6771730780601501,
    0.6738930940628052,
    0.6756625175476074,
    0.6788772940635681,
    0.6797804832458496,
    0.6804414987564087,
    0.6825970411300659,
    0.6842496991157532,
    0.6861549615859985,
    0.6873646378517151,
    0.6879191398620605
  ],
  "learning_rate": [
    0.0005000000237487257,
    0.0005000000237487257,
    0.0005000000237487257,
    0.0005000000237487257,
    0.0005000000237487257,
    0.0005000000237487257,
    0.0005000000237487257,
    0.0005000000237487257,
    0.0005000000237487257,
    0.0005000000237487257,
    0.0005000000237487257,
    0.0005000000237487257,
    0.0005000000237487257,
    0.0005000000237487257,
    0.0005000000237487257,
    0.00020000000949949026,
    0.00020000000949949026,
    0.00020000000949949026,
    0.00020000000949949026,
    8.000000525498763e-05,
    8.000000525498763e-05,
    8.000000525498763e-05,
    8.000000525498763e-05,
    8.000000525498763e-05,
    3.2000003557186574e-05,
    3.2000003557186574e-05,
    3.2000003557186574e-05,
    3.2000003557186574e-05,
    1.2800001059076749e-05
  ]
}