{
  "accuracy": [
    0.5343006253242493,
    0.5351131558418274,
    0.5442832112312317,
    0.5497388243675232,
    0.5491584539413452,
    0.5639001727104187,
    0.5644805431365967,
    0.5751596093177795,
    0.5749274492263794,
    0.5856065154075623,
    0.5849100351333618,
    0.5908299684524536,
    0.5888566374778748
  ],
  "auc": [
    0.5553076267242432,
    0.5563669800758362,
    0.5662881731987,
    0.5739253759384155,
    0.5732812285423279,
    0.5937156677246094,
    0.5965527296066284,
    0.6104885935783386,
    0.6095972657203674,
    0.6245980262756348,
    0.6246339082717896,
    0.6306226253509521,
    0.6346148252487183
  ],
  "loss": [
    0.7016314268112183,
    0.6980069279670715,
    0.6957262754440308,
    0.6939323544502258,
    0.6944741010665894,
    0.687913715839386,
    0.6865013837814331,
    0.6818905472755432,
    0.6811540126800537,
    0.675523579120636,
    0.6745373606681824,
    0.6715283393859863,
    0.6700757145881653
  ],
  "val_accuracy": [
    0.5097492933273315,
    0.5069637894630432,
    0.5041782855987549,
    0.5227483510971069,
    0.5046425461769104,
    0.5125347971916199,
    0.515320360660553,
    0.5167130827903748,
    0.5176416039466858,
    0.515320360660553,
    0.5148561000823975,
    0.5157845616340637,
    0.5139275789260864
  ],
  "val_auc": [
    0.5257986783981323,
    0.524004340171814,
    0.5206865668296814,
    0.5242373943328857,
    0.5340839624404907,
    0.5339733362197876,
    0.5326252579689026,
    0.5276460647583008,
    0.5274418592453003,
    0.5278943777084351,
    0.5281580686569214,
    0.5281685590744019,
    0.5268406271934509
  ],
  "val_loss": [
    0.7076818346977234,
    0.7165794968605042,
    0.719207763671875,
    0.7105251550674438,
    0.7148847579956055,
    0.716206967830658,
    0.7178309559822083,
    0.7284080982208252,
    0.7268787026405334,
    0.7361426949501038,
    0.7482711672782898,
    0.7503331899642944,
    0.7515006065368652
  ],
  "learning_rate": [
    0.0005000000237487257,
    0.0005000000237487257,
    0.0005000000237487257,
    0.0005000000237487257,
    0.0005000000237487257,
    0.00020000000949949026,
    0.00020000000949949026,
    0.00020000000949949026,
    0.00020000000949949026,
    8.000000525498763e-05,
    8.000000525498763e-05,
    8.000000525498763e-05,
    8.000000525498763e-05
  ]
}