{
  "accuracy": [
    0.6092861294746399,
    0.6237956881523132,
    0.6250725388526917,
    0.6305281519889832,
    0.6313406825065613,
    0.6340104341506958,
    0.6383053064346313,
    0.6484039425849915,
    0.6479396224021912
  ],
  "auc": [
    0.6837540864944458,
    0.6976994872093201,
    0.6998239159584045,
    0.7052205801010132,
    0.7106237411499023,
    0.7167288064956665,
    0.722518801689148,
    0.7262029647827148,
    0.7255454063415527
  ],
  "loss": [
    0.6298831701278687,
    0.6200883388519287,
    0.6190388798713684,
    0.6149318814277649,
    0.6109450459480286,
    0.6061028242111206,
    0.600883424282074,
    0.5994969606399536,
    0.5988571643829346
  ],
  "val_accuracy": [
    0.6225626468658447,
    0.6234911680221558,
    0.63138347864151,
    0.6332404613494873,
    0.6299906969070435,
    0.630454957485199,
    0.6248839497566223,
    0.6234911680221558,
    0.6202414035797119
  ],
  "val_auc": [
    0.6970379948616028,
    0.6940317153930664,
    0.6912094950675964,
    0.6957321763038635,
    0.6907814741134644,
    0.6948016881942749,
    0.6912793517112732,
    0.6871232986450195,
    0.6873815059661865
  ],
  "val_loss": [
    0.6322373747825623,
    0.6356505751609802,
    0.6415769457817078,
    0.6378087401390076,
    0.6435635089874268,
    0.6461215615272522,
    0.6483810544013977,
    0.6498845219612122,
    0.6483827829360962
  ],
  "learning_rate": [
    0.0005000000237487257,
    0.0005000000237487257,
    0.0005000000237487257,
    0.0005000000237487257,
    0.0005000000237487257,
    0.00020000000949949026,
    0.00020000000949949026,
    0.00020000000949949026,
    0.00020000000949949026
  ]
}