{
  "accuracy": [
    0.5554265975952148,
    0.5779454708099365,
    0.5778293609619141,
    0.5791062116622925,
    0.5769007802009583,
    0.5818920731544495,
    0.5941961407661438,
    0.5928032398223877,
    0.5934997200965881
  ],
  "auc": [
    0.5780401229858398,
    0.6040301322937012,
    0.6110778450965881,
    0.6141829490661621,
    0.6139341592788696,
    0.6151210069656372,
    0.6357593536376953,
    0.6401183009147644,
    0.6436388492584229
  ],
  "loss": [
    0.6947936415672302,
    0.6868910193443298,
    0.6842839121818542,
    0.6821252703666687,
    0.6828551292419434,
    0.6833004951477051,
    0.6745694875717163,
    0.6724439859390259,
    0.669249951839447
  ],
  "val_accuracy": [
    0.5817084312438965,
    0.581244170665741,
    0.5882079601287842,
    0.5835654735565186,
    0.5826369524002075,
    0.5705664157867432,
    0.5844939351081848,
    0.5803157091140747,
    0.5724233984947205
  ],
  "val_auc": [
    0.633819580078125,
    0.6259324550628662,
    0.6306361556053162,
    0.6297558546066284,
    0.6132974624633789,
    0.6190560460090637,
    0.6180254220962524,
    0.6178068518638611,
    0.6195306777954102
  ],
  "val_loss": [
    0.6852691769599915,
    0.6809301376342773,
    0.6860106587409973,
    0.6877284049987793,
    0.6885967254638672,
    0.6851963996887207,
    0.6848432421684265,
    0.684706449508667,
    0.6856826543807983
  ],
  "learning_rate": [
    0.0005000000237487257,
    0.0005000000237487257,
    0.0005000000237487257,
    0.0005000000237487257,
    0.0005000000237487257,
    0.0005000000237487257,
    0.00020000000949949026,
    0.00020000000949949026,
    0.00020000000949949026
  ]
}