{
  "accuracy": 0.5007552870090635,
  "f1": 0.6368131868131868,
  "auc": 0.5086614707837136
}