{
  "accuracy": [
    0.613464891910553,
    0.6250725388526917,
    0.6280905604362488,
    0.6340104341506958,
    0.6392338871955872,
    0.6406267881393433,
    0.6465467214584351,
    0.6468949317932129,
    0.6521183848381042,
    0.6509576439857483
  ],
  "auc": [
    0.6861563920974731,
    0.700157642364502,
    0.703636109828949,
    0.7098041772842407,
    0.714934766292572,
    0.7200629711151123,
    0.7264246344566345,
    0.729710578918457,
    0.7343466281890869,
    0.735385537147522
  ],
  "loss": [
    0.6306425929069519,
    0.6199215054512024,
    0.6139659881591797,
    0.6132768392562866,
    0.6084047555923462,
    0.6027044653892517,
    0.5975770950317383,
    0.5969122052192688,
    0.5922214984893799,
    0.5917350053787231
  ],
  "val_accuracy": [
    0.6081708669662476,
    0.6002785563468933,
    0.6104921102523804,
    0.591457724571228,
    0.6035283207893372,
    0.597493052482605,
    0.6030640602111816,
    0.6049211025238037,
    0.6118848919868469,
    0.6146703958511353
  ],
  "val_auc": [
    0.685359001159668,
    0.6853978633880615,
    0.6836597919464111,
    0.6714452505111694,
    0.6819398403167725,
    0.6801101565361023,
    0.6815793514251709,
    0.6791477203369141,
    0.6821063756942749,
    0.6847328543663025
  ],
  "val_loss": [
    0.6286659240722656,
    0.6298121213912964,
    0.6334633827209473,
    0.6377843618392944,
    0.6416313052177429,
    0.6426088213920593,
    0.64556485414505,
    0.642753005027771,
    0.6512223482131958,
    0.6502801179885864
  ],
  "learning_rate": [
    0.0005000000237487257,
    0.0005000000237487257,
    0.0005000000237487257,
    0.0005000000237487257,
    0.0005000000237487257,
    0.00020000000949949026,
    0.00020000000949949026,
    0.00020000000949949026,
    0.00020000000949949026,
    8.000000525498763e-05
  ]
}