{
  "accuracy": [
    0.6246082186698914,
    0.6321532130241394,
    0.634242594242096,
    0.6434126496315002,
    0.6406267881393433,
    0.6452698707580566,
    0.6522344946861267,
    0.6582704782485962,
    0.65977942943573
  ],
  "auc": [
    0.7020958662033081,
    0.7098495960235596,
    0.7160443067550659,
    0.7232637405395508,
    0.7235724329948425,
    0.7319736480712891,
    0.7385029196739197,
    0.7443786263465881,
    0.7460767030715942
  ],
  "loss": [
    0.6184740662574768,
    0.6117948293685913,
    0.6055837273597717,
    0.6018986105918884,
    0.599768877029419,
    0.5950724482536316,
    0.588316798210144,
    0.5852124691009521,
    0.5822340250015259
  ],
  "val_accuracy": [
    0.6285979747772217,
    0.6309192180633545,
    0.6355617642402649,
    0.6281337141990662,
    0.6346332430839539,
    0.6327762007713318,
    0.630454957485199,
    0.6285979747772217,
    0.6244196891784668
  ],
  "val_auc": [
    0.7065587639808655,
    0.706055760383606,
    0.7036974430084229,
    0.7004867196083069,
    0.7045495510101318,
    0.7026451826095581,
    0.7029411792755127,
    0.7059008479118347,
    0.7025855779647827
  ],
  "val_loss": [
    0.6154981255531311,
    0.6234247088432312,
    0.6220760941505432,
    0.6277997493743896,
    0.6414276957511902,
    0.6340799927711487,
    0.6365891098976135,
    0.6346973180770874,
    0.6405007243156433
  ],
  "learning_rate": [
    0.0005000000237487257,
    0.0005000000237487257,
    0.0005000000237487257,
    0.0005000000237487257,
    0.0005000000237487257,
    0.00020000000949949026,
    0.00020000000949949026,
    0.00020000000949949026,
    0.00020000000949949026
  ]
}