{
  "accuracy": [
    0.5406848788261414,
    0.5466047525405884,
    0.5344167351722717,
    0.5558909177780151,
    0.5603017807006836,
    0.561578631401062,
    0.5576320290565491,
    0.5683110952377319,
    0.5692396759986877
  ],
  "auc": [
    0.5581814050674438,
    0.5678779482841492,
    0.552620530128479,
    0.5778285264968872,
    0.5830904245376587,
    0.584784746170044,
    0.5851008892059326,
    0.5962017774581909,
    0.5971187949180603
  ],
  "loss": [
    0.6997514963150024,
    0.695753276348114,
    0.6990402340888977,
    0.6925426721572876,
    0.6912891864776611,
    0.6904315948486328,
    0.691202700138092,
    0.6886319518089294,
    0.6881456971168518
  ],
  "val_accuracy": [
    0.5241411328315735,
    0.5524605512619019,
    0.5343546867370605,
    0.5167130827903748,
    0.49907150864601135,
    0.5292479395866394,
    0.5366759300231934,
    0.5241411328315735,
    0.5185701251029968
  ],
  "val_auc": [
    0.5852713584899902,
    0.5694649815559387,
    0.5453494787216187,
    0.5330480337142944,
    0.5642901659011841,
    0.5736833214759827,
    0.5649480819702148,
    0.5634170770645142,
    0.5559732913970947
  ],
  "val_loss": [
    0.7005800008773804,
    0.7009827494621277,
    0.6999074220657349,
    0.7073268294334412,
    0.7031819820404053,
    0.6993502378463745,
    0.6989031434059143,
    0.70057612657547,
    0.7025797367095947
  ],
  "learning_rate": [
    0.0005000000237487257,
    0.0005000000237487257,
    0.0005000000237487257,
    0.0005000000237487257,
    0.0005000000237487257,
    0.0005000000237487257,
    0.0005000000237487257,
    0.0005000000237487257,
    0.0005000000237487257
  ]
}