{
  "accuracy": [
    0.6195008754730225,
    0.6319210529327393,
    0.629715621471405,
    0.6367962956428528,
    0.6354033946990967,
    0.6385374069213867,
    0.6460824012756348,
    0.6522344946861267,
    0.6508415341377258,
    0.6513058543205261
  ],
  "auc": [
    0.6951195001602173,
    0.7078566551208496,
    0.7096679210662842,
    0.7140947580337524,
    0.7178241014480591,
    0.7184881567955017,
    0.7279512286186218,
    0.7348613739013672,
    0.7342870831489563,
    0.7348076105117798
  ],
  "loss": [
    0.6210745573043823,
    0.6118236184120178,
    0.6094602346420288,
    0.6048083901405334,
    0.6019021272659302,
    0.5978917479515076,
    0.5908135771751404,
    0.5863177180290222,
    0.5874258875846863,
    0.5853410363197327
  ],
  "val_accuracy": [
    0.621169924736023,
    0.6295264363288879,
    0.6188486814498901,
    0.6285979747772217,
    0.622098445892334,
    0.6188486814498901,
    0.6197771430015564,
    0.6225626468658447,
    0.6207056641578674,
    0.6188486814498901
  ],
  "val_auc": [
    0.6998344659805298,
    0.7030287384986877,
    0.6989882588386536,
    0.6973181962966919,
    0.7011686563491821,
    0.6968694925308228,
    0.6973239183425903,
    0.700125515460968,
    0.6981925368309021,
    0.6955926418304443
  ],
  "val_loss": [
    0.6136116981506348,
    0.6134132146835327,
    0.6147854924201965,
    0.6158963441848755,
    0.6147529482841492,
    0.6188501715660095,
    0.6185362935066223,
    0.6199853420257568,
    0.6238595843315125,
    0.6237220168113708
  ],
  "learning_rate": [
    0.0005000000237487257,
    0.0005000000237487257,
    0.0005000000237487257,
    0.0005000000237487257,
    0.0005000000237487257,
    0.0005000000237487257,
    0.00020000000949949026,
    0.00020000000949949026,
    0.00020000000949949026,
    0.00020000000949949026
  ]
}