{
  "accuracy": [
    0.4998258948326111,
    0.5006384253501892,
    0.5053975582122803,
    0.5020313262939453,
    0.4911201298236847,
    0.5001741051673889,
    0.4939059913158417,
    0.507138729095459,
    0.49912941455841064,
    0.5033081769943237,
    0.5014509558677673,
    0.49669182300567627,
    0.4984329640865326,
    0.5058618783950806
  ],
  "auc": [
    0.49744468927383423,
    0.499953031539917,
    0.5087979435920715,
    0.5033713579177856,
    0.49099791049957275,
    0.49674224853515625,
    0.4955429136753082,
    0.5081471800804138,
    0.5118837356567383,
    0.5080210566520691,
    0.5068192481994629,
    0.4973682761192322,
    0.5047045946121216,
    0.5159709453582764
  ],
  "loss": [
    0.7064183354377747,
    0.705062747001648,
    0.7033950090408325,
    0.7032415866851807,
    0.7035759091377258,
    0.7026638388633728,
    0.7020882964134216,
    0.7003986239433289,
    0.7003148198127747,
    0.7007353901863098,
    0.7013167142868042,
    0.7020954489707947,
    0.7005823850631714,
    0.6989952921867371
  ],
  "val_accuracy": [
    0.4781801402568817,
    0.4800371527671814,
    0.4865366816520691,
    0.4860724210739136,
    0.5041782855987549,
    0.5213556289672852,
    0.495357483625412,
    0.5106778144836426,
    0.49907150864601135,
    0.48978644609451294,
    0.4916434586048126,
    0.49860724806785583,
    0.5032497644424438,
    0.5111420750617981
  ],
  "val_auc": [
    0.49738818407058716,
    0.5035204291343689,
    0.5041064620018005,
    0.49402838945388794,
    0.5113420486450195,
    0.5469134449958801,
    0.508757472038269,
    0.5199605226516724,
    0.5086832046508789,
    0.5063313245773315,
    0.5004715919494629,
    0.5099009871482849,
    0.5009583234786987,
    0.5105591416358948
  ],
  "val_loss": [
    0.7061122059822083,
    0.7071847319602966,
    0.7036692500114441,
    0.703092098236084,
    0.7024884819984436,
    0.7004791498184204,
    0.7009793519973755,
    0.6992661952972412,
    0.7006857991218567,
    0.7013856768608093,
    0.7015758752822876,
    0.7008547782897949,
    0.7000493407249451,
    0.6995874047279358
  ],
  "learning_rate": [
    0.0005000000237487257,
    0.0005000000237487257,
    0.0005000000237487257,
    0.0005000000237487257,
    0.0005000000237487257,
    0.0005000000237487257,
    0.0005000000237487257,
    0.0005000000237487257,
    0.0005000000237487257,
    0.0005000000237487257,
    0.0005000000237487257,
    0.0005000000237487257,
    0.00020000000949949026,
    0.00020000000949949026
  ]
}