{
  "accuracy": [
    0.503192126750946,
    0.4979686737060547,
    0.49994197487831116,
    0.4993615746498108,
    0.49994197487831116,
    0.5041207075119019,
    0.5000580549240112,
    0.5088798403739929,
    0.5026116967201233,
    0.50493323802948,
    0.5027278065681458,
    0.5086476802825928,
    0.5200232267379761,
    0.5167730450630188,
    0.5235055088996887,
    0.5232733488082886,
    0.5143354535102844,
    0.5159605145454407,
    0.5246663093566895,
    0.532095193862915,
    0.5412652492523193,
    0.5446314811706543,
    0.5481137633323669,
    0.5589088797569275,
    0.5641323328018188,
    0.5752756595611572,
    0.5818920731544495,
    0.5814277529716492,
    0.5907138586044312,
    0.5936157703399658,
    0.5965176820755005,
    0.5961694717407227,
    0.5988392233848572
  ],
  "auc": [
    0.49908748269081116,
    0.49715763330459595,
    0.5008180141448975,
    0.5040600895881653,
    0.505711555480957,
    0.5022587180137634,
    0.49935173988342285,
    0.5118875503540039,
    0.5053095817565918,
    0.5150940418243408,
    0.5054090023040771,
    0.5103847980499268,
    0.5230287313461304,
    0.5250656604766846,
    0.5315343141555786,
    0.5316283106803894,
    0.5266520380973816,
    0.5290449857711792,
    0.5364252924919128,
    0.541031002998352,
    0.5551971197128296,
    0.5698758363723755,
    0.5707098245620728,
    0.5850836634635925,
    0.5931656360626221,
    0.6090436577796936,
    0.6156120300292969,
    0.6184264421463013,
    0.6249452829360962,
    0.6318693161010742,
    0.6391042470932007,
    0.639949381351471,
    0.6430153250694275
  ],
  "loss": [
    0.7060505747795105,
    0.7048428654670715,
    0.7039707899093628,
    0.7030401825904846,
    0.7024340033531189,
    0.7023585438728333,
    0.702616810798645,
    0.7017689347267151,
    0.7017378807067871,
    0.701184093952179,
    0.7015554904937744,
    0.7009652853012085,
    0.69952791929245,
    0.6992827653884888,
    0.6987311840057373,
    0.6988993883132935,
    0.6997395753860474,
    0.6994646787643433,
    0.698442280292511,
    0.6988556981086731,
    0.6959182620048523,
    0.6928352117538452,
    0.6923866271972656,
    0.6887847781181335,
    0.6863270998001099,
    0.6819984316825867,
    0.6791539192199707,
    0.6773748993873596,
    0.6749856472015381,
    0.6728629469871521,
    0.6699874401092529,
    0.669126033782959,
    0.6683281064033508
  ],
  "val_accuracy": [
    0.5037140250205994,
    0.5120705366134644,
    0.5051068067550659,
    0.5027855038642883,
    0.5023212432861328,
    0.5125347971916199,
    0.5162488222122192,
    0.5046425461769104,
    0.5037140250205994,
    0.4939647316932678,
    0.5125347971916199,
    0.5102135539054871,
    0.5018569827079773,
    0.515320360660553,
    0.5069637894630432,
    0.5292479395866394,
    0.5227483510971069,
    0.5208913683891296,
    0.5097492933273315,
    0.5111420750617981,
    0.5250696539878845,
    0.533890426158905,
    0.5324977040290833,
    0.538997232913971,
    0.5464252829551697,
    0.5427112579345703,
    0.5473537445068359,
    0.5450325012207031,
    0.538997232913971,
    0.5422469973564148,
    0.5436397194862366,
    0.5413184762001038,
    0.5399256944656372
  ],
  "val_auc": [
    0.5032016038894653,
    0.511850118637085,
    0.5012524127960205,
    0.5051102638244629,
    0.5014490485191345,
    0.5126050710678101,
    0.5167582035064697,
    0.5017590522766113,
    0.5043531656265259,
    0.5129189491271973,
    0.504551887512207,
    0.5129352807998657,
    0.5134595632553101,
    0.5171953439712524,
    0.5217088460922241,
    0.5324082970619202,
    0.5175527334213257,
    0.5159351229667664,
    0.5165486335754395,
    0.528144359588623,
    0.544745683670044,
    0.5500446557998657,
    0.5425555109977722,
    0.5486879348754883,
    0.5576555132865906,
    0.5524578094482422,
    0.5544068813323975,
    0.5527328252792358,
    0.5506840944290161,
    0.5485327243804932,
    0.5491565465927124,
    0.5472139120101929,
    0.5475894212722778
  ],
  "val_loss": [
    0.7045537829399109,
    0.7036062479019165,
    0.7028180956840515,
    0.7020046710968018,
    0.7017354965209961,
    0.7012040019035339,
    0.7012597918510437,
    0.7016343474388123,
    0.7010519504547119,
    0.7013084888458252,
    0.7008650898933411,
    0.700374186038971,
    0.6999248266220093,
    0.6997994184494019,
    0.7004405856132507,
    0.6987801790237427,
    0.7010883688926697,
    0.7042288780212402,
    0.7010352611541748,
    0.7000178694725037,
    0.6977458000183105,
    0.6983906030654907,
    0.7003018260002136,
    0.7030853629112244,
    0.7004659175872803,
    0.7053729891777039,
    0.7083725929260254,
    0.7097348570823669,
    0.7146257758140564,
    0.7160955667495728,
    0.7168080806732178,
    0.7192181348800659,
    0.7200528979301453
  ],
  "learning_rate": [
    0.0005000000237487257,
    0.0005000000237487257,
    0.0005000000237487257,
    0.0005000000237487257,
    0.0005000000237487257,
    0.0005000000237487257,
    0.0005000000237487257,
    0.0005000000237487257,
    0.0005000000237487257,
    0.0005000000237487257,
    0.0005000000237487257,
    0.0005000000237487257,
    0.0005000000237487257,
    0.0005000000237487257,
    0.0005000000237487257,
    0.0005000000237487257,
    0.0005000000237487257,
    0.0005000000237487257,
    0.0005000000237487257,
    0.0005000000237487257,
    0.00020000000949949026,
    0.00020000000949949026,
    0.00020000000949949026,
    0.00020000000949949026,
    0.00020000000949949026,
    8.000000525498763e-05,
    8.000000525498763e-05,
    8.000000525498763e-05,
    8.000000525498763e-05,
    3.2000003557186574e-05,
    3.2000003557186574e-05,
    3.2000003557186574e-05,
    3.2000003557186574e-05
  ]
}