{
  "accuracy": [
    0.6239117980003357,
    0.6322693228721619,
    0.6385374069213867,
    0.6392338871955872,
    0.6373766660690308,
    0.6420197486877441,
    0.6501451134681702,
    0.651073694229126,
    0.6500290036201477,
    0.6574579477310181,
    0.6562971472740173,
    0.662565290927887,
    0.6589668989181519,
    0.6632617712020874
  ],
  "auc": [
    0.7043681144714355,
    0.7100656032562256,
    0.7187229990959167,
    0.7203094959259033,
    0.7207528352737427,
    0.7307084798812866,
    0.7358470559120178,
    0.7358256578445435,
    0.7394257187843323,
    0.7445657849311829,
    0.7443972229957581,
    0.7476832866668701,
    0.7483058571815491,
    0.751316249370575
  ],
  "loss": [
    0.6138977408409119,
    0.6088756918907166,
    0.6039994955062866,
    0.59885174036026,
    0.5995527505874634,
    0.5900394320487976,
    0.5880235433578491,
    0.5878441333770752,
    0.5836293697357178,
    0.5782425403594971,
    0.5776346325874329,
    0.5745732188224792,
    0.5745100378990173,
    0.5759144425392151
  ],
  "val_accuracy": [
    0.63138347864151,
    0.6332404613494873,
    0.6299906969070435,
    0.6327762007713318,
    0.6337047219276428,
    0.6332404613494873,
    0.6295264363288879,
    0.6392757892608643,
    0.6346332430839539,
    0.6327762007713318,
    0.630454957485199,
    0.6346332430839539,
    0.6327762007713318,
    0.6337047219276428
  ],
  "val_auc": [
    0.7063459753990173,
    0.7050048112869263,
    0.7068026065826416,
    0.6991575956344604,
    0.7066154479980469,
    0.7070155143737793,
    0.7043814063072205,
    0.7064439058303833,
    0.7006789445877075,
    0.6993326544761658,
    0.6994408369064331,
    0.7005919814109802,
    0.7014773488044739,
    0.702150821685791
  ],
  "val_loss": [
    0.6129782795906067,
    0.6165505647659302,
    0.6160959601402283,
    0.6267707943916321,
    0.6237116456031799,
    0.6267436742782593,
    0.6282004117965698,
    0.6262510418891907,
    0.6330803632736206,
    0.63714200258255,
    0.6368890404701233,
    0.6423068642616272,
    0.641669511795044,
    0.6402743458747864
  ],
  "learning_rate": [
    0.0005000000237487257,
    0.0005000000237487257,
    0.0005000000237487257,
    0.0005000000237487257,
    0.0005000000237487257,
    0.00020000000949949026,
    0.00020000000949949026,
    0.00020000000949949026,
    0.00020000000949949026,
    8.000000525498763e-05,
    8.000000525498763e-05,
    8.000000525498763e-05,
    8.000000525498763e-05,
    3.2000003557186574e-05
  ]
}