{
  "accuracy": [
    0.4988972842693329,
    0.5114335417747498,
    0.4920487403869629,
    0.5070226192474365,
    0.521183967590332,
    0.5195589065551758,
    0.5199071168899536,
    0.5231572985649109,
    0.5219964981079102,
    0.5183981657028198,
    0.5383633375167847,
    0.5333720445632935,
    0.5427742600440979,
    0.5549622774124146,
    0.5597214102745056,
    0.573070228099823,
    0.5815438032150269,
    0.5857225656509399,
    0.5903656482696533,
    0.5962855219841003,
    0.6002321243286133,
    0.6075449585914612,
    0.6139292120933533,
    0.6200812458992004,
    0.6154381632804871,
    0.6171793341636658,
    0.6197330355644226,
    0.6265815496444702,
    0.6268137097358704
  ],
  "auc": [
    0.4995090961456299,
    0.5121675133705139,
    0.5084598064422607,
    0.5252833366394043,
    0.5254471302032471,
    0.5369372367858887,
    0.535724937915802,
    0.5319621562957764,
    0.5379805564880371,
    0.5419825315475464,
    0.553589940071106,
    0.5461503863334656,
    0.5576815605163574,
    0.5646178722381592,
    0.5770903825759888,
    0.5906938910484314,
    0.5981193780899048,
    0.6084325313568115,
    0.6197425127029419,
    0.6266891956329346,
    0.6334940791130066,
    0.6362780332565308,
    0.6477711200714111,
    0.6546926498413086,
    0.653350293636322,
    0.6581640243530273,
    0.6620726585388184,
    0.6655693054199219,
    0.6645205616950989
  ],
  "loss": [
    0.7061384320259094,
    0.704430103302002,
    0.7044142484664917,
    0.7029424905776978,
    0.7035298347473145,
    0.7020751237869263,
    0.7021124362945557,
    0.7022542953491211,
    0.7020630836486816,
    0.7006418704986572,
    0.69867342710495,
    0.7000459432601929,
    0.6983273029327393,
    0.696995735168457,
    0.6940701603889465,
    0.6899362206459045,
    0.6875293850898743,
    0.6851884722709656,
    0.6805353164672852,
    0.6775802969932556,
    0.6750590205192566,
    0.6738279461860657,
    0.6694191694259644,
    0.66655433177948,
    0.6666409969329834,
    0.6644301414489746,
    0.6620965003967285,
    0.6606545448303223,
    0.6610584259033203
  ],
  "val_accuracy": [
    0.5598886013031006,
    0.5116063356399536,
    0.5533890724182129,
    0.543175458908081,
    0.5167130827903748,
    0.5208913683891296,
    0.5766016840934753,
    0.5399256944656372,
    0.5826369524002075,
    0.5891364812850952,
    0.549210786819458,
    0.5292479395866394,
    0.5858867168426514,
    0.5566388368606567,
    0.5626741051673889,
    0.5691736340522766,
    0.5687093734741211,
    0.5817084312438965,
    0.5849581956863403,
    0.5844939351081848,
    0.5844939351081848,
    0.5817084312438965,
    0.5896007418632507,
    0.5835654735565186,
    0.5858867168426514,
    0.5835654735565186,
    0.5854224562644958,
    0.5854224562644958,
    0.5863509774208069
  ],
  "val_auc": [
    0.5204628109931946,
    0.531886875629425,
    0.5428370237350464,
    0.5409802794456482,
    0.5653581023216248,
    0.5550704002380371,
    0.5468945503234863,
    0.552680492401123,
    0.5532225370407104,
    0.56711745262146,
    0.5525680780410767,
    0.5719029903411865,
    0.5742599964141846,
    0.5776008367538452,
    0.5873168110847473,
    0.5909230709075928,
    0.5972900986671448,
    0.5958069562911987,
    0.5992499589920044,
    0.6004343628883362,
    0.6006512641906738,
    0.6000310182571411,
    0.5984716415405273,
    0.5986443758010864,
    0.598325788974762,
    0.5995402932167053,
    0.5990856885910034,
    0.5987234115600586,
    0.5981832146644592
  ],
  "val_loss": [
    0.697179913520813,
    0.6990945935249329,
    0.694875180721283,
    0.6992484331130981,
    0.6990270018577576,
    0.6944559812545776,
    0.6867517232894897,
    0.6913713812828064,
    0.6897010207176208,
    0.6830433011054993,
    0.6943999528884888,
    0.6910747289657593,
    0.6855336427688599,
    0.6863656044006348,
    0.6863202452659607,
    0.6882886290550232,
    0.6877282857894897,
    0.6839396953582764,
    0.6836854815483093,
    0.6865307092666626,
    0.6886700987815857,
    0.6921242475509644,
    0.6915611624717712,
    0.6938148140907288,
    0.6938018798828125,
    0.695949375629425,
    0.6955620050430298,
    0.6966984272003174,
    0.6976355910301208
  ],
  "learning_rate": [
    0.0005000000237487257,
    0.0005000000237487257,
    0.0005000000237487257,
    0.0005000000237487257,
    0.0005000000237487257,
    0.0005000000237487257,
    0.0005000000237487257,
    0.0005000000237487257,
    0.0005000000237487257,
    0.0005000000237487257,
    0.0005000000237487257,
    0.0005000000237487257,
    0.0005000000237487257,
    0.0005000000237487257,
    0.00020000000949949026,
    0.00020000000949949026,
    0.00020000000949949026,
    0.00020000000949949026,
    8.000000525498763e-05,
    8.000000525498763e-05,
    8.000000525498763e-05,
    8.000000525498763e-05,
    3.2000003557186574e-05,
    3.2000003557186574e-05,
    3.2000003557186574e-05,
    3.2000003557186574e-05,
    1.2800001059076749e-05,
    1.2800001059076749e-05,
    1.2800001059076749e-05
  ]
}