{
  "accuracy": [
    0.5028438568115234,
    0.5044689774513245,
    0.49599534273147583,
    0.5109692215919495,
    0.5026116967201233,
    0.5017991662025452,
    0.49820080399513245,
    0.5027278065681458,
    0.5062100887298584,
    0.5103888511657715,
    0.5094602704048157,
    0.5053975582122803
  ],
  "auc": [
    0.5063696503639221,
    0.5010173320770264,
    0.49804630875587463,
    0.5059937238693237,
    0.5031876564025879,
    0.4991840124130249,
    0.5037631988525391,
    0.5060933828353882,
    0.5051982402801514,
    0.5081064105033875,
    0.510883092880249,
    0.5108076333999634
  ],
  "loss": [
    0.7059482932090759,
    0.7064083814620972,
    0.7054288387298584,
    0.7045005559921265,
    0.7044152021408081,
    0.7041313052177429,
    0.7039454579353333,
    0.7029499411582947,
    0.7031562924385071,
    0.702535092830658,
    0.7020301818847656,
    0.7016789317131042
  ],
  "val_accuracy": [
    0.4930362105369568,
    0.5102135539054871,
    0.5204271078109741,
    0.5116063356399536,
    0.5143918395042419,
    0.515320360660553,
    0.4846796691417694,
    0.5111420750617981,
    0.5102135539054871,
    0.5190343260765076,
    0.5134633183479309,
    0.5111420750617981
  ],
  "val_auc": [
    0.5002323389053345,
    0.5025524497032166,
    0.5111619830131531,
    0.5214123725891113,
    0.4980352520942688,
    0.5153617858886719,
    0.48606836795806885,
    0.5006364583969116,
    0.5031099319458008,
    0.4969816207885742,
    0.5077856183052063,
    0.49601954221725464
  ],
  "val_loss": [
    0.7051345109939575,
    0.7039498686790466,
    0.7025145292282104,
    0.7026612162590027,
    0.7032567262649536,
    0.7020769715309143,
    0.7033124566078186,
    0.7030243277549744,
    0.7017700672149658,
    0.7010501027107239,
    0.7005337476730347,
    0.7010312676429749
  ],
  "learning_rate": [
    0.0005000000237487257,
    0.0005000000237487257,
    0.0005000000237487257,
    0.0005000000237487257,
    0.0005000000237487257,
    0.0005000000237487257,
    0.0005000000237487257,
    0.0005000000237487257,
    0.0005000000237487257,
    0.0005000000237487257,
    0.0005000000237487257,
    0.0005000000237487257
  ]
}