{
  "accuracy": [
    0.6239117980003357,
    0.6290191411972046,
    0.629135251045227,
    0.631456732749939,
    0.6325014233589172,
    0.6403946876525879,
    0.6492164731025696,
    0.6463145613670349,
    0.6520023345947266,
    0.6500290036201477,
    0.6543238759040833,
    0.6550202965736389
  ],
  "auc": [
    0.6951522827148438,
    0.6984443664550781,
    0.7044782042503357,
    0.7032843232154846,
    0.7095574736595154,
    0.7156217694282532,
    0.72337806224823,
    0.7246253490447998,
    0.7283034324645996,
    0.7307603359222412,
    0.7367369532585144,
    0.7366662621498108
  ],
  "loss": [
    0.6254998445510864,
    0.621995210647583,
    0.6162290573120117,
    0.6147761940956116,
    0.6108039021492004,
    0.6086642146110535,
    0.6011589765548706,
    0.5999283194541931,
    0.5969191789627075,
    0.5971071124076843,
    0.5895873308181763,
    0.5902436375617981
  ],
  "val_accuracy": [
    0.622098445892334,
    0.6202414035797119,
    0.6248839497566223,
    0.6239554286003113,
    0.6202414035797119,
    0.6258124709129333,
    0.6258124709129333,
    0.6239554286003113,
    0.6225626468658447,
    0.6262766718864441,
    0.6309192180633545,
    0.6267409324645996
  ],
  "val_auc": [
    0.7003369927406311,
    0.7029662132263184,
    0.7045534253120422,
    0.7060915231704712,
    0.6991099715232849,
    0.7009128928184509,
    0.701774537563324,
    0.703072726726532,
    0.7034770250320435,
    0.7024859189987183,
    0.7039775252342224,
    0.7039468288421631
  ],
  "val_loss": [
    0.6138626337051392,
    0.6132583618164062,
    0.6138268113136292,
    0.6135345101356506,
    0.616692066192627,
    0.6164244413375854,
    0.6168250441551208,
    0.6160721778869629,
    0.6169295907020569,
    0.617383599281311,
    0.6167329549789429,
    0.6170689463615417
  ],
  "learning_rate": [
    0.0005000000237487257,
    0.0005000000237487257,
    0.0005000000237487257,
    0.0005000000237487257,
    0.0005000000237487257,
    0.0005000000237487257,
    0.00020000000949949026,
    0.00020000000949949026,
    0.00020000000949949026,
    0.00020000000949949026,
    8.000000525498763e-05,
    8.000000525498763e-05
  ]
}