{
  "accuracy": [
    0.49576321244239807,
    0.5028438568115234,
    0.5053975582122803,
    0.4952988922595978,
    0.5007544755935669,
    0.5057457685470581,
    0.5017991662025452,
    0.5006384253501892,
    0.4939059913158417,
    0.5014509558677673,
    0.5113174915313721,
    0.5079512596130371,
    0.519210696220398,
    0.5013349056243896,
    0.507138729095459,
    0.50493323802948,
    0.5064422488212585,
    0.4988972842693329,
    0.5102728009223938,
    0.5187463760375977,
    0.5042368173599243,
    0.5086476802825928,
    0.5080673098564148,
    0.5082994699478149,
    0.513058602809906,
    0.5284968018531799,
    0.5287289619445801,
    0.5247823596000671
  ],
  "auc": [
    0.49619120359420776,
    0.5060999989509583,
    0.5085089206695557,
    0.5008270740509033,
    0.5018752813339233,
    0.506097674369812,
    0.5075393915176392,
    0.5018132328987122,
    0.49515727162361145,
    0.5017741918563843,
    0.510917603969574,
    0.5110483169555664,
    0.5180351734161377,
    0.5014222860336304,
    0.50786292552948,
    0.5079377293586731,
    0.505626916885376,
    0.5037258863449097,
    0.5146929025650024,
    0.5222479701042175,
    0.5084992051124573,
    0.5080078840255737,
    0.508704662322998,
    0.5176905393600464,
    0.5155328512191772,
    0.5290297269821167,
    0.5329139828681946,
    0.5362101793289185
  ],
  "loss": [
    0.7060937881469727,
    0.70460444688797,
    0.7039928436279297,
    0.7039163112640381,
    0.7034935355186462,
    0.7025090456008911,
    0.7022541761398315,
    0.7024982571601868,
    0.7026143074035645,
    0.7017093896865845,
    0.7007820010185242,
    0.7003403902053833,
    0.7000219821929932,
    0.701399028301239,
    0.7004689574241638,
    0.7003454566001892,
    0.7000393271446228,
    0.6997982859611511,
    0.6990219354629517,
    0.698187530040741,
    0.6993650197982788,
    0.6992036700248718,
    0.6987125277519226,
    0.6981578469276428,
    0.6977635622024536,
    0.696210503578186,
    0.6954917311668396,
    0.6952767968177795
  ],
  "val_accuracy": [
    0.49721449613571167,
    0.49907150864601135,
    0.4995357394218445,
    0.5064995288848877,
    0.5111420750617981,
    0.49628597497940063,
    0.5069637894630432,
    0.5139275789260864,
    0.5018569827079773,
    0.5111420750617981,
    0.5069637894630432,
    0.5064995288848877,
    0.5060352683067322,
    0.5116063356399536,
    0.49721449613571167,
    0.5176416039466858,
    0.5102135539054871,
    0.5204271078109741,
    0.5162488222122192,
    0.5139275789260864,
    0.5139275789260864,
    0.5064995288848877,
    0.5111420750617981,
    0.5032497644424438,
    0.5046425461769104,
    0.5199628472328186,
    0.5208913683891296,
    0.5148561000823975
  ],
  "val_auc": [
    0.4856722950935364,
    0.5024781227111816,
    0.4980177879333496,
    0.500221848487854,
    0.5022972226142883,
    0.5022346377372742,
    0.4998480975627899,
    0.5112333297729492,
    0.49377501010894775,
    0.5162628889083862,
    0.516639232635498,
    0.5033645629882812,
    0.5056142807006836,
    0.49897071719169617,
    0.5070384740829468,
    0.5181578993797302,
    0.5148904323577881,
    0.5185031890869141,
    0.5235141515731812,
    0.5258018374443054,
    0.5040645599365234,
    0.49608349800109863,
    0.5094470977783203,
    0.49498993158340454,
    0.5162947773933411,
    0.5226393342018127,
    0.5213096737861633,
    0.5131745338439941
  ],
  "val_loss": [
    0.7069423198699951,
    0.7038951516151428,
    0.7037885785102844,
    0.7028711438179016,
    0.7021322846412659,
    0.7023619413375854,
    0.7013318538665771,
    0.7012081146240234,
    0.7021219730377197,
    0.7002241015434265,
    0.6995694041252136,
    0.700846791267395,
    0.7011760473251343,
    0.7000178694725037,
    0.6991474032402039,
    0.6989588737487793,
    0.6986289620399475,
    0.6988937854766846,
    0.698457658290863,
    0.6982359290122986,
    0.6987166404724121,
    0.6989248991012573,
    0.6986517906188965,
    0.6989061236381531,
    0.6987411379814148,
    0.6979804039001465,
    0.6979005932807922,
    0.6990070343017578
  ],
  "learning_rate": [
    0.0005000000237487257,
    0.0005000000237487257,
    0.0005000000237487257,
    0.0005000000237487257,
    0.0005000000237487257,
    0.0005000000237487257,
    0.0005000000237487257,
    0.0005000000237487257,
    0.0005000000237487257,
    0.0005000000237487257,
    0.0005000000237487257,
    0.0005000000237487257,
    0.0005000000237487257,
    0.0005000000237487257,
    0.0005000000237487257,
    0.0005000000237487257,
    0.0005000000237487257,
    0.0005000000237487257,
    0.0005000000237487257,
    0.0005000000237487257,
    0.0005000000237487257,
    0.0005000000237487257,
    0.0005000000237487257,
    0.0005000000237487257,
    0.00020000000949949026,
    0.00020000000949949026,
    0.00020000000949949026,
    0.00020000000949949026
  ]
}