{
  "accuracy": [
    0.5816599130630493,
    0.5947765707969666,
    0.5948926210403442,
    0.6037144660949707,
    0.604178786277771,
    0.6061520576477051,
    0.6099826097488403,
    0.6032501459121704,
    0.6123040914535522,
    0.6181079745292664
  ],
  "auc": [
    0.6128541827201843,
    0.6337743997573853,
    0.6382993459701538,
    0.6443912386894226,
    0.6448657512664795,
    0.6488373875617981,
    0.653374195098877,
    0.6523962020874023,
    0.6594210267066956,
    0.6620821952819824
  ],
  "loss": [
    0.6851606369018555,
    0.6757573485374451,
    0.6745012998580933,
    0.6713982224464417,
    0.6708651185035706,
    0.6695664525032043,
    0.6676059365272522,
    0.6673574447631836,
    0.6648108959197998,
    0.6633735299110413
  ],
  "val_accuracy": [
    0.5877437591552734,
    0.597493052482605,
    0.5761374235153198,
    0.5441039800643921,
    0.6090993285179138,
    0.5928505063056946,
    0.5733519196510315,
    0.5849581956863403,
    0.5998142957687378,
    0.5817084312438965
  ],
  "val_auc": [
    0.6364192962646484,
    0.6521596908569336,
    0.6208664178848267,
    0.6469604969024658,
    0.651766836643219,
    0.6191538572311401,
    0.6474685072898865,
    0.6424819231033325,
    0.6353722214698792,
    0.6218587160110474
  ],
  "val_loss": [
    0.6811827421188354,
    0.6863617300987244,
    0.6863458156585693,
    0.6954114437103271,
    0.6769770979881287,
    0.6844083070755005,
    0.68507319688797,
    0.6782394647598267,
    0.6761999726295471,
    0.6837257146835327
  ],
  "learning_rate": [
    0.0005000000237487257,
    0.0005000000237487257,
    0.0005000000237487257,
    0.0005000000237487257,
    0.0005000000237487257,
    0.0005000000237487257,
    0.0005000000237487257,
    0.0005000000237487257,
    0.0005000000237487257,
    0.0005000000237487257
  ]
}