{
  "accuracy": [
    0.5746952891349792,
    0.5828206539154053,
    0.5865350961685181,
    0.5895531177520752,
    0.5795705318450928,
    0.5959373116493225,
    0.5987231731414795,
    0.6103308200836182,
    0.6060360074043274
  ],
  "auc": [
    0.5955768823623657,
    0.6116960644721985,
    0.6171929240226746,
    0.6208345890045166,
    0.6154943108558655,
    0.6265478134155273,
    0.6352143287658691,
    0.6474361419677734,
    0.6479272246360779
  ],
  "loss": [
    0.6917203068733215,
    0.6846572756767273,
    0.6826066374778748,
    0.6821516156196594,
    0.6837672591209412,
    0.6802390217781067,
    0.6753047704696655,
    0.6704277396202087,
    0.6697178483009338
  ],
  "val_accuracy": [
    0.5222841501235962,
    0.5608170628547668,
    0.5501392483711243,
    0.5547817945480347,
    0.49721449613571167,
    0.475394606590271,
    0.5705664157867432,
    0.5167130827903748,
    0.5589600801467896
  ],
  "val_auc": [
    0.6147787570953369,
    0.6012290716171265,
    0.5911871790885925,
    0.6117551922798157,
    0.6083647012710571,
    0.6015331745147705,
    0.6040301322937012,
    0.604804515838623,
    0.594554603099823
  ],
  "val_loss": [
    0.6970164179801941,
    0.6928884983062744,
    0.6984142661094666,
    0.6957250237464905,
    0.6974269151687622,
    0.7076374888420105,
    0.6927840113639832,
    0.707848846912384,
    0.697104275226593
  ],
  "learning_rate": [
    0.0005000000237487257,
    0.0005000000237487257,
    0.0005000000237487257,
    0.0005000000237487257,
    0.0005000000237487257,
    0.0005000000237487257,
    0.00020000000949949026,
    0.00020000000949949026,
    0.00020000000949949026
  ]
}