{
  "accuracy": [
    0.5551944375038147,
    0.5762042999267578,
    0.5814277529716492,
    0.5850261449813843,
    0.5961694717407227,
    0.5918746590614319,
    0.5908299684524536,
    0.5965176820755005,
    0.594428300857544,
    0.598026692867279,
    0.604759156703949,
    0.6150899529457092,
    0.6145095825195312,
    0.618804395198822
  ],
  "auc": [
    0.5781850218772888,
    0.6033159494400024,
    0.6149354577064514,
    0.6245943307876587,
    0.6337027549743652,
    0.6294955015182495,
    0.633149266242981,
    0.6321777701377869,
    0.6335575580596924,
    0.6388113498687744,
    0.6515167951583862,
    0.6602123379707336,
    0.6608673334121704,
    0.6678833961486816
  ],
  "loss": [
    0.6954299211502075,
    0.687186062335968,
    0.6830163598060608,
    0.6804144978523254,
    0.6766350865364075,
    0.678046703338623,
    0.6755716800689697,
    0.6776069402694702,
    0.6767725944519043,
    0.6751672625541687,
    0.6671610474586487,
    0.6639127135276794,
    0.6616452932357788,
    0.6585657000541687
  ],
  "val_accuracy": [
    0.5900650024414062,
    0.5427112579345703,
    0.5942432880401611,
    0.591457724571228,
    0.596564531326294,
    0.5970287919044495,
    0.5793871879577637,
    0.5793871879577637,
    0.5654596090316772,
    0.5779944062232971,
    0.5854224562644958,
    0.5854224562644958,
    0.5752089023590088,
    0.5710306167602539
  ],
  "val_auc": [
    0.6192636489868164,
    0.6250098943710327,
    0.6261690855026245,
    0.6309290528297424,
    0.6241154670715332,
    0.6321899890899658,
    0.6284624338150024,
    0.6201292276382446,
    0.5998693704605103,
    0.6240240335464478,
    0.6255940198898315,
    0.6201542615890503,
    0.6188704967498779,
    0.6177406907081604
  ],
  "val_loss": [
    0.6852301359176636,
    0.6954301595687866,
    0.686796247959137,
    0.6811380982398987,
    0.685545802116394,
    0.6808388233184814,
    0.6871955394744873,
    0.6831710934638977,
    0.6938318610191345,
    0.6896616816520691,
    0.6794176697731018,
    0.6855927109718323,
    0.6828109622001648,
    0.6845126152038574
  ],
  "learning_rate": [
    0.0005000000237487257,
    0.0005000000237487257,
    0.0005000000237487257,
    0.0005000000237487257,
    0.0005000000237487257,
    0.0005000000237487257,
    0.0005000000237487257,
    0.0005000000237487257,
    0.0005000000237487257,
    0.0005000000237487257,
    0.00020000000949949026,
    0.00020000000949949026,
    0.00020000000949949026,
    0.00020000000949949026
  ]
}