{
  "accuracy": [
    0.5930353999137878,
    0.6059198975563049,
    0.6148577928543091,
    0.6141613721847534,
    0.6185722351074219,
    0.6161346435546875,
    0.6243760585784912,
    0.6306442022323608,
    0.6311085224151611,
    0.6305281519889832,
    0.6349390745162964,
    0.6371445059776306,
    0.6351712346076965,
    0.6379570364952087
  ],
  "auc": [
    0.6239849328994751,
    0.6374685168266296,
    0.6456851959228516,
    0.6485693454742432,
    0.652134358882904,
    0.6554158329963684,
    0.6651639938354492,
    0.6761967539787292,
    0.6772883534431458,
    0.6802480816841125,
    0.6792479753494263,
    0.681056022644043,
    0.681633472442627,
    0.6865934729576111
  ],
  "loss": [
    0.681060254573822,
    0.6744539141654968,
    0.6708917021751404,
    0.6695049405097961,
    0.6691504716873169,
    0.6667377352714539,
    0.6613544821739197,
    0.6557196378707886,
    0.6543790698051453,
    0.6530362367630005,
    0.6533215641975403,
    0.6525547504425049,
    0.6516505479812622,
    0.6484746336936951
  ],
  "val_accuracy": [
    0.5993500351905823,
    0.6090993285179138,
    0.597493052482605,
    0.6002785563468933,
    0.6081708669662476,
    0.6132776141166687,
    0.6100278496742249,
    0.6025997996330261,
    0.6053853034973145,
    0.6095635890960693,
    0.6012070775032043,
    0.6039925813674927,
    0.5984215140342712,
    0.6016713380813599
  ],
  "val_auc": [
    0.6395879983901978,
    0.64214026927948,
    0.6368095874786377,
    0.6375796794891357,
    0.6496219038963318,
    0.6566259860992432,
    0.6529196500778198,
    0.6525037884712219,
    0.6540581583976746,
    0.6552704572677612,
    0.6488535404205322,
    0.6494752168655396,
    0.6484178304672241,
    0.6506655216217041
  ],
  "val_loss": [
    0.6804164052009583,
    0.675274133682251,
    0.6826304793357849,
    0.6908218264579773,
    0.6831101179122925,
    0.6792996525764465,
    0.6737070679664612,
    0.6746911406517029,
    0.6755552291870117,
    0.6732500791549683,
    0.6855957508087158,
    0.6961327791213989,
    0.6884873509407043,
    0.6875389218330383
  ],
  "learning_rate": [
    0.0005000000237487257,
    0.0005000000237487257,
    0.0005000000237487257,
    0.0005000000237487257,
    0.0005000000237487257,
    0.0005000000237487257,
    0.00020000000949949026,
    0.00020000000949949026,
    0.00020000000949949026,
    0.00020000000949949026,
    0.00020000000949949026,
    0.00020000000949949026,
    0.00020000000949949026,
    0.00020000000949949026
  ]
}