{
  "accuracy": [
    0.6260011792182922,
    0.6273940801620483,
    0.627510130405426,
    0.6341265439987183,
    0.6354033946990967,
    0.6355194449424744,
    0.6484039425849915,
    0.647127091884613,
    0.6472432017326355
  ],
  "auc": [
    0.6958067417144775,
    0.7005696296691895,
    0.7070344686508179,
    0.7114071846008301,
    0.7126961946487427,
    0.7156732678413391,
    0.7277790904045105,
    0.7264490723609924,
    0.7296571135520935
  ],
  "loss": [
    0.6225236654281616,
    0.6165062189102173,
    0.6150878667831421,
    0.6096462607383728,
    0.6084581613540649,
    0.6047585606575012,
    0.5948665142059326,
    0.5949696898460388,
    0.5927203297615051
  ],
  "val_accuracy": [
    0.6360260248184204,
    0.6364902257919312,
    0.630454957485199,
    0.6350975036621094,
    0.6318477392196655,
    0.6281337141990662,
    0.6276694536209106,
    0.6346332430839539,
    0.6295264363288879
  ],
  "val_auc": [
    0.7058279514312744,
    0.705235481262207,
    0.7032422423362732,
    0.7032486796379089,
    0.6996179819107056,
    0.6929538249969482,
    0.6995882391929626,
    0.6978091597557068,
    0.6979300379753113
  ],
  "val_loss": [
    0.6223465204238892,
    0.6214786767959595,
    0.622103750705719,
    0.6277715563774109,
    0.6280581951141357,
    0.6321681141853333,
    0.6318673491477966,
    0.6343272924423218,
    0.6354239583015442
  ],
  "learning_rate": [
    0.0005000000237487257,
    0.0005000000237487257,
    0.0005000000237487257,
    0.0005000000237487257,
    0.0005000000237487257,
    0.0005000000237487257,
    0.00020000000949949026,
    0.00020000000949949026,
    0.00020000000949949026
  ]
}