{
  "accuracy": [
    0.6232153177261353,
    0.6327335834503174,
    0.6355194449424744,
    0.6473592519760132,
    0.6502611637115479,
    0.6508415341377258,
    0.6582704782485962,
    0.6656993627548218,
    0.6647707223892212,
    0.6646546721458435,
    0.6687173247337341
  ],
  "auc": [
    0.7028327584266663,
    0.7134823799133301,
    0.7202140092849731,
    0.728503942489624,
    0.7318483591079712,
    0.7362369894981384,
    0.738063395023346,
    0.7469230890274048,
    0.7485448122024536,
    0.7562390565872192,
    0.7569049000740051
  ],
  "loss": [
    0.6156377196311951,
    0.6049057245254517,
    0.6001399159431458,
    0.5962619781494141,
    0.5919206142425537,
    0.5874771475791931,
    0.5861254930496216,
    0.5776710510253906,
    0.5773218870162964,
    0.5706088542938232,
    0.5705310106277466
  ],
  "val_accuracy": [
    0.6272051930427551,
    0.6350975036621094,
    0.6383472681045532,
    0.622098445892334,
    0.6309192180633545,
    0.6299906969070435,
    0.632311999797821,
    0.6253482103347778,
    0.6253482103347778,
    0.6295264363288879,
    0.6341689825057983
  ],
  "val_auc": [
    0.7095309495925903,
    0.7083287239074707,
    0.7101154923439026,
    0.7039830684661865,
    0.706897497177124,
    0.7055025100708008,
    0.6992226839065552,
    0.7043443322181702,
    0.703515350818634,
    0.7071441411972046,
    0.7099999785423279
  ],
  "val_loss": [
    0.617761492729187,
    0.6159757971763611,
    0.6131982803344727,
    0.6160508394241333,
    0.6151816844940186,
    0.6166287660598755,
    0.6226147413253784,
    0.6214859485626221,
    0.6250514388084412,
    0.6233419179916382,
    0.6248302459716797
  ],
  "learning_rate": [
    0.0005000000237487257,
    0.0005000000237487257,
    0.0005000000237487257,
    0.0005000000237487257,
    0.0005000000237487257,
    0.0005000000237487257,
    0.0005000000237487257,
    0.00020000000949949026,
    0.00020000000949949026,
    0.00020000000949949026,
    0.00020000000949949026
  ]
}