{
  "accuracy": [
    0.564364492893219,
    0.5815438032150269,
    0.587115466594696,
    0.5887405872344971,
    0.5943122506141663,
    0.5979106426239014,
    0.592106819152832,
    0.5931515097618103,
    0.5994195938110352,
    0.5878119468688965,
    0.5861868858337402,
    0.5972141623497009,
    0.6068485379219055,
    0.6111433506011963
  ],
  "auc": [
    0.5872132182121277,
    0.6073462963104248,
    0.6187819242477417,
    0.6184585094451904,
    0.6259857416152954,
    0.628735363483429,
    0.6308213472366333,
    0.6323967576026917,
    0.6364407539367676,
    0.6277543306350708,
    0.6234692931175232,
    0.6399415731430054,
    0.6519078016281128,
    0.6569319367408752
  ],
  "loss": [
    0.6925749778747559,
    0.6854611039161682,
    0.6820967793464661,
    0.6827967762947083,
    0.6798605918884277,
    0.6782441139221191,
    0.6774752140045166,
    0.6769018173217773,
    0.6757619380950928,
    0.6797766089439392,
    0.6809548735618591,
    0.6746076941490173,
    0.6689400672912598,
    0.6661581993103027
  ],
  "val_accuracy": [
    0.581244170665741,
    0.5102135539054871,
    0.5779944062232971,
    0.5603528022766113,
    0.5793871879577637,
    0.5705664157867432,
    0.5747446417808533,
    0.5185701251029968,
    0.5886722207069397,
    0.5343546867370605,
    0.5083565711975098,
    0.533890426158905,
    0.548282265663147,
    0.5408542156219482
  ],
  "val_auc": [
    0.609369158744812,
    0.6054975390434265,
    0.611464262008667,
    0.6188180446624756,
    0.6146743297576904,
    0.6260726451873779,
    0.6179604530334473,
    0.6177042722702026,
    0.6153491735458374,
    0.5364080667495728,
    0.5484790205955505,
    0.5520936250686646,
    0.5818502902984619,
    0.5668352842330933
  ],
  "val_loss": [
    0.6917008757591248,
    0.699029803276062,
    0.6909782290458679,
    0.6937130689620972,
    0.6944921612739563,
    0.6930675506591797,
    0.6842039227485657,
    0.697723925113678,
    0.6865309476852417,
    0.7043533325195312,
    0.7064245939254761,
    0.7048946619033813,
    0.702151894569397,
    0.7025901079177856
  ],
  "learning_rate": [
    0.0005000000237487257,
    0.0005000000237487257,
    0.0005000000237487257,
    0.0005000000237487257,
    0.0005000000237487257,
    0.0005000000237487257,
    0.0005000000237487257,
    0.0005000000237487257,
    0.0005000000237487257,
    0.0005000000237487257,
    0.0005000000237487257,
    0.00020000000949949026,
    0.00020000000949949026,
    0.00020000000949949026
  ]
}