{
  "accuracy": [
    0.618804395198822,
    0.6307603120803833,
    0.6333140134811401,
    0.6325014233589172,
    0.6350551247596741,
    0.6432965993881226,
    0.6486361026763916,
    0.649332582950592,
    0.6518862247467041,
    0.6539756059646606,
    0.6517701745033264
  ],
  "auc": [
    0.6943076848983765,
    0.7032502889633179,
    0.7070243954658508,
    0.7102124094963074,
    0.7141978144645691,
    0.7239681482315063,
    0.7272176742553711,
    0.7323577404022217,
    0.7339774966239929,
    0.7368084192276001,
    0.735434889793396
  ],
  "loss": [
    0.6248225569725037,
    0.6169795989990234,
    0.6120660901069641,
    0.610671877861023,
    0.606999933719635,
    0.6019116640090942,
    0.5978474020957947,
    0.5947662591934204,
    0.594746470451355,
    0.5896440148353577,
    0.590350866317749
  ],
  "val_accuracy": [
    0.6155988574028015,
    0.616063117980957,
    0.6202414035797119,
    0.6174558997154236,
    0.6193128824234009,
    0.6155988574028015,
    0.6109563708305359,
    0.6165273785591125,
    0.6169916391372681,
    0.6142061352729797,
    0.6151346564292908
  ],
  "val_auc": [
    0.6995606422424316,
    0.7023718357086182,
    0.7061660289764404,
    0.6999818086624146,
    0.7001330852508545,
    0.6973175406455994,
    0.695472002029419,
    0.6957862973213196,
    0.6955922842025757,
    0.6948580741882324,
    0.6929509043693542
  ],
  "val_loss": [
    0.6100383996963501,
    0.6102654933929443,
    0.6101470589637756,
    0.6110409498214722,
    0.6129870414733887,
    0.6137831211090088,
    0.615602433681488,
    0.6180630326271057,
    0.6175535321235657,
    0.6192448735237122,
    0.61982262134552
  ],
  "learning_rate": [
    0.0005000000237487257,
    0.0005000000237487257,
    0.0005000000237487257,
    0.0005000000237487257,
    0.0005000000237487257,
    0.00020000000949949026,
    0.00020000000949949026,
    0.00020000000949949026,
    0.00020000000949949026,
    8.000000525498763e-05,
    8.000000525498763e-05
  ]
}