{
  "accuracy": [
    0.504352867603302,
    0.503192126750946,
    0.51189786195755,
    0.49495068192481995,
    0.507138729095459,
    0.5063261985778809,
    0.5051653981208801,
    0.5073708891868591,
    0.5062100887298584,
    0.5114335417747498,
    0.515844464302063,
    0.5063261985778809,
    0.5030760169029236,
    0.5167730450630188,
    0.5183981657028198,
    0.5147997736930847,
    0.5216482877731323,
    0.519210696220398,
    0.5301218628883362,
    0.5340684652328491,
    0.5414974093437195,
    0.5438188910484314,
    0.5420777797698975
  ],
  "auc": [
    0.5018205642700195,
    0.5060645341873169,
    0.5157440304756165,
    0.5009075403213501,
    0.5124317407608032,
    0.5097846388816833,
    0.5134938359260559,
    0.5160990953445435,
    0.5071036219596863,
    0.5157451629638672,
    0.5142315626144409,
    0.5131908059120178,
    0.49579089879989624,
    0.5170751214027405,
    0.5189706087112427,
    0.5252377390861511,
    0.5272901058197021,
    0.5288922786712646,
    0.5350900888442993,
    0.5474336743354797,
    0.5581309199333191,
    0.5624488592147827,
    0.5596885085105896
  ],
  "loss": [
    0.7062505483627319,
    0.704654335975647,
    0.7039181590080261,
    0.7042732834815979,
    0.703259289264679,
    0.7030135989189148,
    0.7022136449813843,
    0.7015371918678284,
    0.7022244334220886,
    0.7013635039329529,
    0.7017642259597778,
    0.7012639045715332,
    0.7024124264717102,
    0.7004056572914124,
    0.6999991536140442,
    0.6992054581642151,
    0.6991116404533386,
    0.6984566450119019,
    0.6978306174278259,
    0.6962099075317383,
    0.6949930191040039,
    0.6940752267837524,
    0.6939989924430847
  ],
  "val_accuracy": [
    0.49675023555755615,
    0.49210771918296814,
    0.4916434586048126,
    0.5102135539054871,
    0.509285032749176,
    0.49628597497940063,
    0.49675023555755615,
    0.5060352683067322,
    0.4870009422302246,
    0.500928521156311,
    0.5032497644424438,
    0.5078923106193542,
    0.5027855038642883,
    0.5069637894630432,
    0.5348189473152161,
    0.5139275789260864,
    0.5037140250205994,
    0.5074280500411987,
    0.5032497644424438,
    0.500928521156311,
    0.500928521156311,
    0.4976787269115448,
    0.5023212432861328
  ],
  "val_auc": [
    0.5012664794921875,
    0.49873483180999756,
    0.4999038577079773,
    0.5071811079978943,
    0.5151880979537964,
    0.49534884095191956,
    0.49651139974594116,
    0.5114171504974365,
    0.4846571385860443,
    0.4841381311416626,
    0.5037446618080139,
    0.5105667114257812,
    0.515367865562439,
    0.5128124952316284,
    0.5324203372001648,
    0.5221657752990723,
    0.5086393356323242,
    0.5143203735351562,
    0.5074375867843628,
    0.5069530606269836,
    0.5065159797668457,
    0.5020001530647278,
    0.5080880522727966
  ],
  "val_loss": [
    0.7082379460334778,
    0.7094544172286987,
    0.7124217748641968,
    0.70497065782547,
    0.7032158970832825,
    0.7039443254470825,
    0.70270836353302,
    0.7017423510551453,
    0.7025739550590515,
    0.7031493186950684,
    0.7021281719207764,
    0.7018541693687439,
    0.7010606527328491,
    0.7007720470428467,
    0.6995758414268494,
    0.6998825073242188,
    0.7002360224723816,
    0.6997721195220947,
    0.7000281810760498,
    0.7000267505645752,
    0.6999942660331726,
    0.7003987431526184,
    0.7003107070922852
  ],
  "learning_rate": [
    0.0005000000237487257,
    0.0005000000237487257,
    0.0005000000237487257,
    0.0005000000237487257,
    0.0005000000237487257,
    0.0005000000237487257,
    0.0005000000237487257,
    0.0005000000237487257,
    0.0005000000237487257,
    0.0005000000237487257,
    0.0005000000237487257,
    0.0005000000237487257,
    0.00020000000949949026,
    0.00020000000949949026,
    0.00020000000949949026,
    0.00020000000949949026,
    0.00020000000949949026,
    0.00020000000949949026,
    0.00020000000949949026,
    8.000000525498763e-05,
    8.000000525498763e-05,
    8.000000525498763e-05,
    8.000000525498763e-05
  ]
}