{
  "accuracy": [
    0.6220545768737793,
    0.6248403787612915,
    0.6305281519889832,
    0.6360998153686523,
    0.629715621471405,
    0.6456180810928345,
    0.6468949317932129,
    0.6429483294487,
    0.6449216604232788,
    0.6466627717018127,
    0.6514219641685486,
    0.6515380144119263,
    0.6533952355384827,
    0.6518862247467041
  ],
  "auc": [
    0.7018828392028809,
    0.7067201137542725,
    0.7120859622955322,
    0.7172008752822876,
    0.7156566381454468,
    0.7310668230056763,
    0.7315604090690613,
    0.733744740486145,
    0.7321699857711792,
    0.736298680305481,
    0.742586076259613,
    0.7437358498573303,
    0.7445651888847351,
    0.7439569234848022
  ],
  "loss": [
    0.6168457269668579,
    0.6106081008911133,
    0.6062437891960144,
    0.6043949723243713,
    0.6003703474998474,
    0.5920813679695129,
    0.5899522304534912,
    0.5876874327659607,
    0.5875686407089233,
    0.5835386514663696,
    0.5801228284835815,
    0.5778258442878723,
    0.5798853635787964,
    0.5783914923667908
  ],
  "val_accuracy": [
    0.6169916391372681,
    0.6118848919868469,
    0.6197771430015564,
    0.6193128824234009,
    0.6197771430015564,
    0.6188486814498901,
    0.6234911680221558,
    0.6118848919868469,
    0.6183844208717346,
    0.6165273785591125,
    0.6202414035797119,
    0.6183844208717346,
    0.6174558997154236,
    0.616063117980957
  ],
  "val_auc": [
    0.6918048858642578,
    0.6896389126777649,
    0.6889314651489258,
    0.6889728307723999,
    0.6928118467330933,
    0.6930434703826904,
    0.6929373741149902,
    0.690567672252655,
    0.6899563670158386,
    0.6913166642189026,
    0.6897691488265991,
    0.6887295246124268,
    0.689132034778595,
    0.6890500783920288
  ],
  "val_loss": [
    0.6214771866798401,
    0.6232532858848572,
    0.6265990138053894,
    0.625953733921051,
    0.6257433295249939,
    0.6285727024078369,
    0.6323670744895935,
    0.6375649571418762,
    0.638626217842102,
    0.6370430588722229,
    0.6415019035339355,
    0.6410310864448547,
    0.6427106857299805,
    0.6418765783309937
  ],
  "learning_rate": [
    0.0005000000237487257,
    0.0005000000237487257,
    0.0005000000237487257,
    0.0005000000237487257,
    0.0005000000237487257,
    0.00020000000949949026,
    0.00020000000949949026,
    0.00020000000949949026,
    0.00020000000949949026,
    8.000000525498763e-05,
    8.000000525498763e-05,
    8.000000525498763e-05,
    8.000000525498763e-05,
    3.2000003557186574e-05
  ]
}