{
  "accuracy": [
    0.5024704933166504,
    0.5015263557434082,
    0.503288745880127,
    0.5039181709289551,
    0.5023131370544434,
    0.5020298957824707,
    0.49966955184936523,
    0.5048937797546387,
    0.5034146308898926,
    0.502281665802002,
    0.5000472068786621,
    0.49970102310180664,
    0.5034146308898926,
    0.49762392044067383,
    0.49919748306274414,
    0.49979543685913086,
    0.4998898506164551,
    0.5035405158996582,
    0.4980015754699707
  ],
  "auc": [
    0.5038753747940063,
    0.5017262101173401,
    0.5041027069091797,
    0.5061467885971069,
    0.5014982223510742,
    0.5016719698905945,
    0.5029834508895874,
    0.5056167840957642,
    0.5037036538124084,
    0.5039764642715454,
    0.5006118416786194,
    0.5002038478851318,
    0.5032240152359009,
    0.5017504692077637,
    0.5004866123199463,
    0.5019151568412781,
    0.4999028742313385,
    0.49878188967704773,
    0.4987483620643616
  ],
  "loss": [
    0.8117936849594116,
    0.7806812524795532,
    0.7633486390113831,
    0.7487791776657104,
    0.7381497025489807,
    0.7279559969902039,
    0.7204539179801941,
    0.7152116894721985,
    0.7125951051712036,
    0.7094526886940002,
    0.7077007293701172,
    0.7050505876541138,
    0.7029186487197876,
    0.7018595337867737,
    0.7003302574157715,
    0.6992096304893494,
    0.6987844705581665,
    0.6980023980140686,
    0.6970572471618652
  ],
  "val_accuracy": [
    0.4963494539260864,
    0.49735650420188904,
    0.499118834733963,
    0.4934541881084442,
    0.498237669467926,
    0.49408358335494995,
    0.4996223449707031,
    0.5007553100585938,
    0.5010070204734802,
    0.4910624325275421,
    0.5007553100585938,
    0.49685296416282654,
    0.49496474862098694,
    0.5037764310836792,
    0.4877895414829254,
    0.5084340572357178,
    0.4979858994483948,
    0.4948388636112213,
    0.502769410610199
  ],
  "val_auc": [
    0.5021864175796509,
    0.5005689859390259,
    0.4979468584060669,
    0.49685823917388916,
    0.4978000819683075,
    0.5030892491340637,
    0.5022369623184204,
    0.5036844611167908,
    0.5038847923278809,
    0.49903544783592224,
    0.5110232830047607,
    0.4995077848434448,
    0.496643602848053,
    0.5009974837303162,
    0.4946337342262268,
    0.5097764134407043,
    0.5062692165374756,
    0.496130108833313,
    0.503170907497406
  ],
  "val_loss": [
    0.7835757732391357,
    0.775191605091095,
    0.7529659271240234,
    0.742401659488678,
    0.7310628890991211,
    0.7242360711097717,
    0.7159292101860046,
    0.7131735682487488,
    0.7108935117721558,
    0.7089414000511169,
    0.7049785852432251,
    0.70305335521698,
    0.7023143172264099,
    0.7009320855140686,
    0.6992073059082031,
    0.6980919241905212,
    0.6977238655090332,
    0.697288990020752,
    0.6961199045181274
  ],
  "learning_rate": [
    0.0005000000237487257,
    0.0005000000237487257,
    0.0005000000237487257,
    0.0005000000237487257,
    0.0005000000237487257,
    0.0005000000237487257,
    0.0005000000237487257,
    0.0005000000237487257,
    0.0005000000237487257,
    0.0005000000237487257,
    0.0005000000237487257,
    0.0005000000237487257,
    0.0005000000237487257,
    0.0005000000237487257,
    0.0005000000237487257,
    0.0005000000237487257,
    0.0005000000237487257,
    0.0005000000237487257,
    0.0005000000237487257
  ]
}