{
  "accuracy": [
    0.6099826097488403,
    0.6169471740722656,
    0.6236796379089355,
    0.6161346435546875,
    0.624956488609314,
    0.6348229646682739,
    0.6401625275611877,
    0.639582097530365,
    0.6331979036331177,
    0.6457341909408569,
    0.6479396224021912
  ],
  "auc": [
    0.681937575340271,
    0.6889848709106445,
    0.698790967464447,
    0.7027918100357056,
    0.7071887254714966,
    0.7190098762512207,
    0.7196775674819946,
    0.7279945015907288,
    0.7197521924972534,
    0.7354013323783875,
    0.7345758676528931
  ],
  "loss": [
    0.6298593282699585,
    0.6251953840255737,
    0.6195188164710999,
    0.6132407188415527,
    0.6131447553634644,
    0.6032037138938904,
    0.6016936898231506,
    0.5961032509803772,
    0.598777711391449,
    0.5903830528259277,
    0.5912156701087952
  ],
  "val_accuracy": [
    0.6188486814498901,
    0.6230269074440002,
    0.6276694536209106,
    0.6132776141166687,
    0.6188486814498901,
    0.6165273785591125,
    0.6188486814498901,
    0.6183844208717346,
    0.6151346564292908,
    0.6169916391372681,
    0.6179201602935791
  ],
  "val_auc": [
    0.7001128792762756,
    0.7009737491607666,
    0.7056257724761963,
    0.6940822601318359,
    0.6957961320877075,
    0.7002145648002625,
    0.699042558670044,
    0.7005624175071716,
    0.6961418390274048,
    0.6980566382408142,
    0.6989782452583313
  ],
  "val_loss": [
    0.6200843453407288,
    0.6220698356628418,
    0.6209978461265564,
    0.6290450096130371,
    0.6270534992218018,
    0.6278291940689087,
    0.6310487985610962,
    0.6331102848052979,
    0.6356726288795471,
    0.637647271156311,
    0.6374186873435974
  ],
  "learning_rate": [
    0.0005000000237487257,
    0.0005000000237487257,
    0.0005000000237487257,
    0.0005000000237487257,
    0.0005000000237487257,
    0.00020000000949949026,
    0.00020000000949949026,
    0.00020000000949949026,
    0.00020000000949949026,
    8.000000525498763e-05,
    8.000000525498763e-05
  ]
}