{
  "accuracy": [
    0.6110273003578186,
    0.6195008754730225,
    0.6243760585784912,
    0.621590256690979,
    0.6255368590354919,
    0.6295995116233826,
    0.6344747543334961,
    0.6322693228721619,
    0.6403946876525879,
    0.6481717824935913,
    0.6441091299057007,
    0.6520023345947266,
    0.6464306712150574,
    0.6576900482177734,
    0.65977942943573
  ],
  "auc": [
    0.6881743669509888,
    0.6959657669067383,
    0.7002395391464233,
    0.7041823863983154,
    0.7062195539474487,
    0.7113720178604126,
    0.7141250371932983,
    0.718867301940918,
    0.7235203981399536,
    0.7323928475379944,
    0.7315465211868286,
    0.7346585392951965,
    0.7350916862487793,
    0.7435360550880432,
    0.7480088472366333
  ],
  "loss": [
    0.6241505742073059,
    0.6175519227981567,
    0.6149118542671204,
    0.609167218208313,
    0.6076952815055847,
    0.6062577962875366,
    0.6062432527542114,
    0.5960257649421692,
    0.5930435061454773,
    0.5899224281311035,
    0.5884191393852234,
    0.5886029601097107,
    0.5826902389526367,
    0.5807729363441467,
    0.5781593322753906
  ],
  "val_accuracy": [
    0.6230269074440002,
    0.6230269074440002,
    0.6272051930427551,
    0.6267409324645996,
    0.63138347864151,
    0.6258124709129333,
    0.6299906969070435,
    0.6230269074440002,
    0.6253482103347778,
    0.6262766718864441,
    0.6230269074440002,
    0.6267409324645996,
    0.6262766718864441,
    0.6299906969070435,
    0.630454957485199
  ],
  "val_auc": [
    0.711367130279541,
    0.7087175250053406,
    0.7124592661857605,
    0.7129189968109131,
    0.7095456719398499,
    0.7108262777328491,
    0.7130069732666016,
    0.7072947025299072,
    0.7073244452476501,
    0.7048871517181396,
    0.7079558372497559,
    0.7108789086341858,
    0.7096116542816162,
    0.7092869281768799,
    0.7106274962425232
  ],
  "val_loss": [
    0.6115900874137878,
    0.6158645153045654,
    0.6101341843605042,
    0.6094377040863037,
    0.6121994853019714,
    0.6104592084884644,
    0.6124250292778015,
    0.6198509931564331,
    0.6188805103302002,
    0.6195284128189087,
    0.616628110408783,
    0.6185420751571655,
    0.6185587644577026,
    0.6184813380241394,
    0.620883584022522
  ],
  "learning_rate": [
    0.0005000000237487257,
    0.0005000000237487257,
    0.0005000000237487257,
    0.0005000000237487257,
    0.0005000000237487257,
    0.0005000000237487257,
    0.0005000000237487257,
    0.0005000000237487257,
    0.00020000000949949026,
    0.00020000000949949026,
    0.00020000000949949026,
    0.00020000000949949026,
    8.000000525498763e-05,
    8.000000525498763e-05,
    8.000000525498763e-05
  ]
}