{
  "accuracy": [
    0.5746952891349792,
    0.5924550294876099,
    0.5973302125930786,
    0.594428300857544,
    0.6006964445114136,
    0.6040626764297485,
    0.6084735989570618,
    0.619384765625,
    0.622170627117157,
    0.6213580965995789,
    0.624956488609314,
    0.6264654397964478,
    0.629135251045227,
    0.630295991897583,
    0.641787588596344,
    0.6414393782615662,
    0.6428322792053223,
    0.6416714787483215,
    0.650493323802948,
    0.6494486331939697
  ],
  "auc": [
    0.6049677133560181,
    0.6274541020393372,
    0.6341404914855957,
    0.6358197927474976,
    0.6457078456878662,
    0.6485655903816223,
    0.6539806723594666,
    0.6685618162155151,
    0.6763436794281006,
    0.6752332448959351,
    0.682051420211792,
    0.68181312084198,
    0.6865177750587463,
    0.687298059463501,
    0.7007650136947632,
    0.7056670188903809,
    0.7048035860061646,
    0.7046133279800415,
    0.712424635887146,
    0.7156646251678467
  ],
  "loss": [
    0.6872523427009583,
    0.6781689524650574,
    0.6754009127616882,
    0.6741440296173096,
    0.6703625321388245,
    0.6688092350959778,
    0.6662195920944214,
    0.6589248180389404,
    0.6535301208496094,
    0.6533582806587219,
    0.6499763131141663,
    0.6490659117698669,
    0.646302342414856,
    0.6444112658500671,
    0.6373537182807922,
    0.6316362619400024,
    0.6331363320350647,
    0.6329371333122253,
    0.6274169683456421,
    0.6243581771850586
  ],
  "val_accuracy": [
    0.5826369524002075,
    0.5882079601287842,
    0.5937790274620056,
    0.5701021552085876,
    0.5682451128959656,
    0.5854224562644958,
    0.5826369524002075,
    0.5970287919044495,
    0.6025997996330261,
    0.6030640602111816,
    0.6025997996330261,
    0.60584956407547,
    0.6021355390548706,
    0.597493052482605,
    0.5988857746124268,
    0.5993500351905823,
    0.5993500351905823,
    0.6025997996330261,
    0.6030640602111816,
    0.6044568419456482
  ],
  "val_auc": [
    0.6134445071220398,
    0.6231934428215027,
    0.6286455392837524,
    0.6321563124656677,
    0.6331522464752197,
    0.6312835216522217,
    0.6302356719970703,
    0.638857364654541,
    0.6399703621864319,
    0.6400516033172607,
    0.6395903825759888,
    0.6409235596656799,
    0.639003336429596,
    0.6350827217102051,
    0.6393989324569702,
    0.6404622793197632,
    0.6396511793136597,
    0.6407581567764282,
    0.6385926604270935,
    0.6396681070327759
  ],
  "val_loss": [
    0.6832011342048645,
    0.6822863221168518,
    0.6778043508529663,
    0.6832656860351562,
    0.6865687370300293,
    0.685945987701416,
    0.696036696434021,
    0.6799764037132263,
    0.6771026849746704,
    0.6768658757209778,
    0.6809260845184326,
    0.6827958226203918,
    0.6874791383743286,
    0.6970716118812561,
    0.6990256309509277,
    0.6973000168800354,
    0.6993236541748047,
    0.6962652802467346,
    0.7069129347801208,
    0.7064332365989685
  ],
  "learning_rate": [
    0.0005000000237487257,
    0.0005000000237487257,
    0.0005000000237487257,
    0.0005000000237487257,
    0.0005000000237487257,
    0.0005000000237487257,
    0.0005000000237487257,
    0.00020000000949949026,
    0.00020000000949949026,
    0.00020000000949949026,
    0.00020000000949949026,
    0.00020000000949949026,
    0.00020000000949949026,
    0.00020000000949949026,
    8.000000525498763e-05,
    8.000000525498763e-05,
    8.000000525498763e-05,
    8.000000525498763e-05,
    3.2000003557186574e-05,
    3.2000003557186574e-05
  ]
}