{
  "accuracy": [
    0.5059779286384583,
    0.5072547793388367,
    0.5052815079689026,
    0.5085316300392151,
    0.5131747126579285,
    0.5108531713485718,
    0.5153801441192627,
    0.5209518074989319,
    0.5280324816703796,
    0.5383633375167847,
    0.5405687689781189,
    0.5511317253112793,
    0.5542657971382141,
    0.5558909177780151,
    0.5622751116752625,
    0.5670342445373535,
    0.573650598526001,
    0.5676146149635315,
    0.5723737478256226,
    0.5741149187088013,
    0.5737667083740234,
    0.5802669525146484,
    0.5798026919364929
  ],
  "auc": [
    0.5068456530570984,
    0.513087809085846,
    0.5127549767494202,
    0.5074909925460815,
    0.5144590139389038,
    0.5126062631607056,
    0.5209965705871582,
    0.5303677320480347,
    0.5399476289749146,
    0.5522509217262268,
    0.5590022802352905,
    0.5710713863372803,
    0.5778860449790955,
    0.5832082033157349,
    0.5873863697052002,
    0.5979520678520203,
    0.6009562015533447,
    0.5998610258102417,
    0.6022289991378784,
    0.6054887771606445,
    0.6089228391647339,
    0.6085870862007141,
    0.6124323010444641
  ],
  "loss": [
    0.7063851952552795,
    0.704833984375,
    0.7045669555664062,
    0.7045145034790039,
    0.7036768198013306,
    0.7035807967185974,
    0.7030110359191895,
    0.7013661861419678,
    0.7002049684524536,
    0.6982343792915344,
    0.696802020072937,
    0.694765567779541,
    0.6930121779441833,
    0.6913903951644897,
    0.6903355717658997,
    0.6883355379104614,
    0.6871955394744873,
    0.6870741844177246,
    0.6862887144088745,
    0.6853287220001221,
    0.6844573020935059,
    0.6845065951347351,
    0.6832576394081116
  ],
  "val_accuracy": [
    0.5120705366134644,
    0.5004642605781555,
    0.5032497644424438,
    0.49907150864601135,
    0.49489322304725647,
    0.5116063356399536,
    0.500928521156311,
    0.5037140250205994,
    0.49628597497940063,
    0.5116063356399536,
    0.5013927817344666,
    0.5018569827079773,
    0.5032497644424438,
    0.5102135539054871,
    0.5051068067550659,
    0.5064995288848877,
    0.5064995288848877,
    0.5069637894630432,
    0.5106778144836426,
    0.5083565711975098,
    0.5078923106193542,
    0.5097492933273315,
    0.5088207721710205
  ],
  "val_auc": [
    0.4940146803855896,
    0.4894391894340515,
    0.48975870013237,
    0.5150856971740723,
    0.5062339305877686,
    0.47894275188446045,
    0.4958389699459076,
    0.5077414512634277,
    0.5110330581665039,
    0.5141869783401489,
    0.5178204774856567,
    0.5155502557754517,
    0.5181933641433716,
    0.5186890363693237,
    0.5209203958511353,
    0.5203061103820801,
    0.5189139246940613,
    0.5192092061042786,
    0.5184412002563477,
    0.5183315277099609,
    0.5184499025344849,
    0.5184891223907471,
    0.5186631083488464
  ],
  "val_loss": [
    0.7127760052680969,
    0.7062165141105652,
    0.7037590742111206,
    0.703849732875824,
    0.7044023275375366,
    0.7046634554862976,
    0.7104023098945618,
    0.7145775556564331,
    0.7198807001113892,
    0.7162225842475891,
    0.7218214869499207,
    0.7319169044494629,
    0.7374992370605469,
    0.7406017780303955,
    0.7441161274909973,
    0.7523705959320068,
    0.7578739523887634,
    0.7608872056007385,
    0.7676479816436768,
    0.7744495272636414,
    0.7780575752258301,
    0.7814292907714844,
    0.7829391360282898
  ],
  "learning_rate": [
    0.0005000000237487257,
    0.0005000000237487257,
    0.0005000000237487257,
    0.0005000000237487257,
    0.0005000000237487257,
    0.0005000000237487257,
    0.0005000000237487257,
    0.00020000000949949026,
    0.00020000000949949026,
    0.00020000000949949026,
    0.00020000000949949026,
    8.000000525498763e-05,
    8.000000525498763e-05,
    8.000000525498763e-05,
    8.000000525498763e-05,
    3.2000003557186574e-05,
    3.2000003557186574e-05,
    3.2000003557186574e-05,
    3.2000003557186574e-05,
    1.2800001059076749e-05,
    1.2800001059076749e-05,
    1.2800001059076749e-05,
    1.2800001059076749e-05
  ]
}