{
  "accuracy": [
    0.5553104877471924,
    0.5688914656639099,
    0.5708647966384888,
    0.5665699243545532,
    0.571909487247467,
    0.5767846703529358,
    0.5808473825454712,
    0.5801509022712708,
    0.585142195224762,
    0.5902495384216309,
    0.5929193496704102,
    0.5931515097618103,
    0.6000000238418579
  ],
  "auc": [
    0.5756181478500366,
    0.592522919178009,
    0.5962789058685303,
    0.5984387993812561,
    0.602984607219696,
    0.6130260825157166,
    0.6141325831413269,
    0.6179550290107727,
    0.6305521130561829,
    0.6333811283111572,
    0.6386881470680237,
    0.6428357362747192,
    0.6495345830917358
  ],
  "loss": [
    0.6964191198348999,
    0.6902610659599304,
    0.6883119344711304,
    0.6885813474655151,
    0.6871941089630127,
    0.6837769746780396,
    0.6824895739555359,
    0.6819726228713989,
    0.6753964424133301,
    0.67381751537323,
    0.6704829931259155,
    0.6688466668128967,
    0.6635794043540955
  ],
  "val_accuracy": [
    0.5571030378341675,
    0.5626741051673889,
    0.5473537445068359,
    0.5626741051673889,
    0.5626741051673889,
    0.5547817945480347,
    0.5571030378341675,
    0.5557103157043457,
    0.5631383657455444,
    0.5645310878753662,
    0.5589600801467896,
    0.5571030378341675,
    0.5668523907661438
  ],
  "val_auc": [
    0.5963072776794434,
    0.5917453765869141,
    0.5920122861862183,
    0.6041321754455566,
    0.6051404476165771,
    0.6002013683319092,
    0.5961421728134155,
    0.5991456508636475,
    0.5989805459976196,
    0.599593997001648,
    0.5971479415893555,
    0.5954386591911316,
    0.59644615650177
  ],
  "val_loss": [
    0.6921351552009583,
    0.6947858929634094,
    0.6939457058906555,
    0.6888204216957092,
    0.6894449591636658,
    0.6958100199699402,
    0.6985479593276978,
    0.7009506225585938,
    0.6966955661773682,
    0.693759024143219,
    0.7038012146949768,
    0.7021248936653137,
    0.7014889121055603
  ],
  "learning_rate": [
    0.0005000000237487257,
    0.0005000000237487257,
    0.0005000000237487257,
    0.0005000000237487257,
    0.0005000000237487257,
    0.0005000000237487257,
    0.0005000000237487257,
    0.0005000000237487257,
    0.00020000000949949026,
    0.00020000000949949026,
    0.00020000000949949026,
    0.00020000000949949026,
    8.000000525498763e-05
  ]
}