{
  "accuracy": [
    0.49773651361465454,
    0.49762043356895447,
    0.5050493478775024,
    0.49262914061546326,
    0.4970400333404541,
    0.503192126750946,
    0.5042368173599243,
    0.5109692215919495,
    0.5262913703918457,
    0.5197910666465759,
    0.5450957417488098,
    0.5601857304573059,
    0.5573998689651489,
    0.564364492893219,
    0.5659895539283752,
    0.5720255374908447,
    0.57585608959198,
    0.5816599130630493,
    0.5840975046157837,
    0.5777133107185364,
    0.5896691679954529
  ],
  "auc": [
    0.49477145075798035,
    0.4919247627258301,
    0.5058506727218628,
    0.4933280646800995,
    0.49427682161331177,
    0.5028464794158936,
    0.49935296177864075,
    0.5135914087295532,
    0.5411864519119263,
    0.5403584241867065,
    0.5729184746742249,
    0.5953675508499146,
    0.5977256298065186,
    0.6046420931816101,
    0.6065396070480347,
    0.6106497049331665,
    0.6132619380950928,
    0.6247085332870483,
    0.6295174956321716,
    0.6258927583694458,
    0.6335394382476807
  ],
  "loss": [
    0.7063643932342529,
    0.706514298915863,
    0.7042469382286072,
    0.7049006223678589,
    0.7046242952346802,
    0.7031337022781372,
    0.7039036154747009,
    0.7015637159347534,
    0.6983501315116882,
    0.6987314224243164,
    0.6937405467033386,
    0.6865679025650024,
    0.6843134760856628,
    0.6815109252929688,
    0.6817033886909485,
    0.6796967387199402,
    0.6788620948791504,
    0.6745524406433105,
    0.6727237105369568,
    0.6727796792984009,
    0.6719700694084167
  ],
  "val_accuracy": [
    0.5222841501235962,
    0.5278551578521729,
    0.5176416039466858,
    0.5264623761177063,
    0.5190343260765076,
    0.5218198895454407,
    0.5232126116752625,
    0.4907149374485016,
    0.52553391456604,
    0.5171773433685303,
    0.5213556289672852,
    0.5199628472328186,
    0.515320360660553,
    0.5162488222122192,
    0.5259981155395508,
    0.5306406617164612,
    0.52553391456604,
    0.52553391456604,
    0.5199628472328186,
    0.5129990577697754,
    0.5190343260765076
  ],
  "val_auc": [
    0.5158975124359131,
    0.5128177404403687,
    0.5109920501708984,
    0.5181987881660461,
    0.5060028433799744,
    0.5131465792655945,
    0.5028070211410522,
    0.499142587184906,
    0.5171847343444824,
    0.5194575190544128,
    0.5270798206329346,
    0.5298937559127808,
    0.5391052961349487,
    0.5379204154014587,
    0.537514328956604,
    0.5374478697776794,
    0.5387330055236816,
    0.5324206948280334,
    0.5288577079772949,
    0.5213083028793335,
    0.5298294425010681
  ],
  "val_loss": [
    0.7032567262649536,
    0.7031689882278442,
    0.7021627426147461,
    0.7028179168701172,
    0.7019278407096863,
    0.7018274664878845,
    0.7009809017181396,
    0.7012875080108643,
    0.7013777494430542,
    0.7013633251190186,
    0.7034780383110046,
    0.702749490737915,
    0.6994385719299316,
    0.7024765610694885,
    0.701723039150238,
    0.7019479870796204,
    0.7017125487327576,
    0.7015259861946106,
    0.7018746137619019,
    0.7023850679397583,
    0.701957106590271
  ],
  "learning_rate": [
    0.0005000000237487257,
    0.0005000000237487257,
    0.0005000000237487257,
    0.0005000000237487257,
    0.0005000000237487257,
    0.0005000000237487257,
    0.0005000000237487257,
    0.0005000000237487257,
    0.0005000000237487257,
    0.0005000000237487257,
    0.0005000000237487257,
    0.00020000000949949026,
    0.00020000000949949026,
    0.00020000000949949026,
    0.00020000000949949026,
    0.00020000000949949026,
    0.00020000000949949026,
    8.000000525498763e-05,
    8.000000525498763e-05,
    8.000000525498763e-05,
    8.000000525498763e-05
  ]
}