{
  "accuracy": [
    0.5813116431236267,
    0.5905978083610535,
    0.5952408313751221,
    0.6001160740852356,
    0.6080092787742615,
    0.6001160740852356,
    0.6056877374649048,
    0.6048752069473267,
    0.6071967482566833,
    0.6112594604492188,
    0.6198490858078003,
    0.6261172294616699,
    0.6260011792182922,
    0.6334300637245178,
    0.6380731463432312,
    0.6436448097229004
  ],
  "auc": [
    0.6046655774116516,
    0.6201843023300171,
    0.6282768249511719,
    0.6377054452896118,
    0.6434602737426758,
    0.6357569694519043,
    0.6393952369689941,
    0.6436222791671753,
    0.6492331027984619,
    0.6644325852394104,
    0.6718770861625671,
    0.675000786781311,
    0.6801076531410217,
    0.6931045651435852,
    0.6972846984863281,
    0.7022303342819214
  ],
  "loss": [
    0.6878867149353027,
    0.6817654967308044,
    0.6788398027420044,
    0.6747624278068542,
    0.6728048324584961,
    0.6761636137962341,
    0.6750645041465759,
    0.6736712455749512,
    0.6713583469390869,
    0.6628756523132324,
    0.659010112285614,
    0.6564681529998779,
    0.6535729765892029,
    0.6454943418502808,
    0.6422242522239685,
    0.6397156715393066
  ],
  "val_accuracy": [
    0.6021355390548706,
    0.6007428169250488,
    0.6137418746948242,
    0.6030640602111816,
    0.6086350679397583,
    0.5988857746124268,
    0.6049211025238037,
    0.5988857746124268,
    0.6030640602111816,
    0.597493052482605,
    0.5970287919044495,
    0.5998142957687378,
    0.5988857746124268,
    0.6002785563468933,
    0.6012070775032043,
    0.5905292630195618
  ],
  "val_auc": [
    0.6420824527740479,
    0.6472344994544983,
    0.6482190489768982,
    0.651249885559082,
    0.6508804559707642,
    0.6503286957740784,
    0.6514330506324768,
    0.6521538496017456,
    0.6488721370697021,
    0.6447666883468628,
    0.6430657505989075,
    0.6493842601776123,
    0.6443459391593933,
    0.6424630880355835,
    0.6414190530776978,
    0.6374666690826416
  ],
  "val_loss": [
    0.6758625507354736,
    0.6749787330627441,
    0.672471284866333,
    0.6739818453788757,
    0.6712815165519714,
    0.6763793230056763,
    0.6712050437927246,
    0.6776666641235352,
    0.6715039014816284,
    0.6728442907333374,
    0.6759533286094666,
    0.6755303144454956,
    0.673729658126831,
    0.6764293909072876,
    0.6787803173065186,
    0.680370032787323
  ],
  "learning_rate": [
    0.0005000000237487257,
    0.0005000000237487257,
    0.0005000000237487257,
    0.0005000000237487257,
    0.0005000000237487257,
    0.0005000000237487257,
    0.0005000000237487257,
    0.0005000000237487257,
    0.0005000000237487257,
    0.00020000000949949026,
    0.00020000000949949026,
    0.00020000000949949026,
    0.00020000000949949026,
    8.000000525498763e-05,
    8.000000525498763e-05,
    8.000000525498763e-05
  ]
}