{
  "accuracy": [
    0.5663377642631531,
    0.5741149187088013,
    0.5830528140068054,
    0.578409731388092,
    0.5859547257423401,
    0.5867672562599182,
    0.587115466594696,
    0.5965176820755005,
    0.601392924785614,
    0.6010447144508362,
    0.6020894050598145,
    0.6035983562469482,
    0.6077771186828613,
    0.6061520576477051,
    0.6149739027023315,
    0.6153221130371094
  ],
  "auc": [
    0.5926883816719055,
    0.601306676864624,
    0.6126686334609985,
    0.6090114116668701,
    0.6154638528823853,
    0.6207505464553833,
    0.6231492161750793,
    0.6346831917762756,
    0.6364428400993347,
    0.6416501998901367,
    0.642249345779419,
    0.6459655165672302,
    0.6524034142494202,
    0.6560372114181519,
    0.6604710817337036,
    0.6617307066917419
  ],
  "loss": [
    0.6923990845680237,
    0.6876710057258606,
    0.6838138699531555,
    0.6856054067611694,
    0.6834529638290405,
    0.6816721558570862,
    0.6807825565338135,
    0.6769635677337646,
    0.676727831363678,
    0.6740507483482361,
    0.6737940907478333,
    0.6726683378219604,
    0.6693511605262756,
    0.6678008437156677,
    0.6656479239463806,
    0.6665506362915039
  ],
  "val_accuracy": [
    0.5719591379165649,
    0.5826369524002075,
    0.583101212978363,
    0.5714948773384094,
    0.5659238696098328,
    0.5775302052497864,
    0.5923862457275391,
    0.5905292630195618,
    0.5919219851493835,
    0.5947075486183167,
    0.5900650024414062,
    0.5844939351081848,
    0.5872794985771179,
    0.581244170665741,
    0.5779944062232971,
    0.5937790274620056
  ],
  "val_auc": [
    0.6189175844192505,
    0.626920759677887,
    0.6351128816604614,
    0.6256675124168396,
    0.6217114329338074,
    0.626749575138092,
    0.6353203058242798,
    0.6405296921730042,
    0.6353030800819397,
    0.6329793334007263,
    0.640317440032959,
    0.632771909236908,
    0.6333092451095581,
    0.6309571266174316,
    0.62212073802948,
    0.6372601985931396
  ],
  "val_loss": [
    0.6890156865119934,
    0.6872401833534241,
    0.683769166469574,
    0.6832419633865356,
    0.6883472800254822,
    0.681289553642273,
    0.6816453337669373,
    0.6783972978591919,
    0.6777228116989136,
    0.6786907315254211,
    0.6781478524208069,
    0.6781137585639954,
    0.6767911911010742,
    0.6783687472343445,
    0.6904386281967163,
    0.6784655451774597
  ],
  "learning_rate": [
    0.0005000000237487257,
    0.0005000000237487257,
    0.0005000000237487257,
    0.0005000000237487257,
    0.0005000000237487257,
    0.0005000000237487257,
    0.0005000000237487257,
    0.0005000000237487257,
    0.0005000000237487257,
    0.0005000000237487257,
    0.0005000000237487257,
    0.0005000000237487257,
    0.0005000000237487257,
    0.0005000000237487257,
    0.0005000000237487257,
    0.0005000000237487257
  ]
}