{
  "accuracy": [
    0.554033637046814,
    0.5612304210662842,
    0.5632036924362183,
    0.5658735036849976,
    0.5691236257553101,
    0.571909487247467,
    0.5734184384346008,
    0.5749274492263794,
    0.5720255374908447,
    0.5825884938240051,
    0.5955891013145447,
    0.5996517539024353,
    0.6009286046028137
  ],
  "auc": [
    0.5690918564796448,
    0.584315299987793,
    0.5868139266967773,
    0.5902926921844482,
    0.5938727855682373,
    0.600988507270813,
    0.5985441207885742,
    0.6044154167175293,
    0.6039570569992065,
    0.6193524599075317,
    0.6310752630233765,
    0.6390150785446167,
    0.6442399024963379
  ],
  "loss": [
    0.6980555653572083,
    0.6917733550071716,
    0.6906628608703613,
    0.6902152895927429,
    0.689060389995575,
    0.686979353427887,
    0.6873089671134949,
    0.6864530444145203,
    0.685551643371582,
    0.6801498532295227,
    0.6765023469924927,
    0.6721568703651428,
    0.6699328422546387
  ],
  "val_accuracy": [
    0.5631383657455444,
    0.5580315589904785,
    0.5450325012207031,
    0.5524605512619019,
    0.5733519196510315,
    0.5454967617988586,
    0.5552460551261902,
    0.5519962906837463,
    0.5496750473976135,
    0.5533890724182129,
    0.549210786819458,
    0.5701021552085876,
    0.5589600801467896
  ],
  "val_auc": [
    0.5955093502998352,
    0.5991302728652954,
    0.5896679162979126,
    0.5917689800262451,
    0.60529625415802,
    0.5894511342048645,
    0.5849839448928833,
    0.5899399518966675,
    0.5940104722976685,
    0.5971654653549194,
    0.5995802879333496,
    0.6033538579940796,
    0.6033146381378174
  ],
  "val_loss": [
    0.691584587097168,
    0.6901224255561829,
    0.6980288624763489,
    0.6913739442825317,
    0.689638078212738,
    0.6949219107627869,
    0.7009129524230957,
    0.7004069685935974,
    0.6974853277206421,
    0.6962285041809082,
    0.6995916366577148,
    0.693021297454834,
    0.6976668238639832
  ],
  "learning_rate": [
    0.0005000000237487257,
    0.0005000000237487257,
    0.0005000000237487257,
    0.0005000000237487257,
    0.0005000000237487257,
    0.0005000000237487257,
    0.0005000000237487257,
    0.0005000000237487257,
    0.0005000000237487257,
    0.00020000000949949026,
    0.00020000000949949026,
    0.00020000000949949026,
    0.00020000000949949026
  ]
}