{
  "accuracy": [
    0.4983168840408325,
    0.5006384253501892,
    0.5052815079689026,
    0.5106210112571716,
    0.5168891549110413,
    0.5112013816833496,
    0.5088798403739929,
    0.5159605145454407,
    0.5098084807395935,
    0.5322112441062927,
    0.5300058126449585,
    0.5363900065422058,
    0.5304701328277588
  ],
  "auc": [
    0.49933922290802,
    0.5024657249450684,
    0.5097033977508545,
    0.5143824219703674,
    0.5211180448532104,
    0.5151258707046509,
    0.515704870223999,
    0.5197055339813232,
    0.5168731212615967,
    0.541187047958374,
    0.5397577285766602,
    0.5486229062080383,
    0.5457766056060791
  ],
  "loss": [
    0.7061325311660767,
    0.7048038244247437,
    0.7039163112640381,
    0.7027386426925659,
    0.702048122882843,
    0.7026382684707642,
    0.7023507356643677,
    0.7011618614196777,
    0.7013710141181946,
    0.6986645460128784,
    0.6981777548789978,
    0.6968593597412109,
    0.6967405080795288
  ],
  "val_accuracy": [
    0.5171773433685303,
    0.5074280500411987,
    0.5037140250205994,
    0.5116063356399536,
    0.5278551578521729,
    0.49489322304725647,
    0.5125347971916199,
    0.5041782855987549,
    0.5013927817344666,
    0.5069637894630432,
    0.4911791980266571,
    0.5041782855987549,
    0.49025070667266846
  ],
  "val_auc": [
    0.5142641663551331,
    0.5090781450271606,
    0.5072963237762451,
    0.5102723836898804,
    0.5298730134963989,
    0.5097365379333496,
    0.5138429999351501,
    0.5059740543365479,
    0.5070337653160095,
    0.5022892951965332,
    0.4926777780056,
    0.4972175359725952,
    0.49038851261138916
  ],
  "val_loss": [
    0.7036203742027283,
    0.7033648490905762,
    0.7031699419021606,
    0.7029723525047302,
    0.7009799480438232,
    0.7026087045669556,
    0.7014747262001038,
    0.7015200257301331,
    0.701715886592865,
    0.7018656134605408,
    0.7022997140884399,
    0.7028397917747498,
    0.7030004858970642
  ],
  "learning_rate": [
    0.0005000000237487257,
    0.0005000000237487257,
    0.0005000000237487257,
    0.0005000000237487257,
    0.0005000000237487257,
    0.0005000000237487257,
    0.0005000000237487257,
    0.0005000000237487257,
    0.0005000000237487257,
    0.00020000000949949026,
    0.00020000000949949026,
    0.00020000000949949026,
    0.00020000000949949026
  ]
}