{
  "accuracy": [
    0.567730724811554,
    0.5821241736412048,
    0.59268718957901,
    0.5924550294876099,
    0.5981428027153015,
    0.5975623726844788,
    0.6092861294746399,
    0.6183400750160217,
    0.6172954440116882,
    0.624956488609314,
    0.6220545768737793
  ],
  "auc": [
    0.588932454586029,
    0.6077407598495483,
    0.6256715059280396,
    0.6271039843559265,
    0.6348164081573486,
    0.6399731040000916,
    0.654498815536499,
    0.6629700064659119,
    0.6617845296859741,
    0.6689558029174805,
    0.679581344127655
  ],
  "loss": [
    0.692369282245636,
    0.6858600974082947,
    0.6797671914100647,
    0.6795833706855774,
    0.6765782833099365,
    0.6737439632415771,
    0.6674699783325195,
    0.6630841493606567,
    0.6629524827003479,
    0.6599488258361816,
    0.6522325873374939
  ],
  "val_accuracy": [
    0.5886722207069397,
    0.5984215140342712,
    0.5877437591552734,
    0.5993500351905823,
    0.5789229273796082,
    0.5849581956863403,
    0.5970287919044495,
    0.5979573130607605,
    0.5956360101699829,
    0.5937790274620056,
    0.5942432880401611
  ],
  "val_auc": [
    0.633631706237793,
    0.6357728242874146,
    0.6421200037002563,
    0.6395753622055054,
    0.6363513469696045,
    0.635507345199585,
    0.6337549686431885,
    0.6350322961807251,
    0.635570228099823,
    0.6316125392913818,
    0.6300439238548279
  ],
  "val_loss": [
    0.6812644600868225,
    0.6765575408935547,
    0.679982602596283,
    0.6785997748374939,
    0.6873424053192139,
    0.6880385875701904,
    0.683417558670044,
    0.6839825510978699,
    0.684342622756958,
    0.6874552369117737,
    0.6894248127937317
  ],
  "learning_rate": [
    0.0005000000237487257,
    0.0005000000237487257,
    0.0005000000237487257,
    0.0005000000237487257,
    0.0005000000237487257,
    0.0005000000237487257,
    0.00020000000949949026,
    0.00020000000949949026,
    0.00020000000949949026,
    0.00020000000949949026,
    8.000000525498763e-05
  ]
}