{
  "accuracy": [
    0.581195592880249,
    0.5987231731414795,
    0.5948926210403442,
    0.598026692867279,
    0.6046430468559265,
    0.6016250848770142,
    0.6076610684394836,
    0.6107951402664185,
    0.6107951402664185,
    0.6109111905097961,
    0.6104468703269958,
    0.6132327318191528,
    0.6161346435546875,
    0.6165989637374878
  ],
  "auc": [
    0.6089905500411987,
    0.6305602788925171,
    0.6362047791481018,
    0.6394688487052917,
    0.6469897031784058,
    0.6478177309036255,
    0.6523410081863403,
    0.6569252014160156,
    0.6569095849990845,
    0.6598799824714661,
    0.6606357097625732,
    0.6627614498138428,
    0.6688280701637268,
    0.670348048210144
  ],
  "loss": [
    0.6872518062591553,
    0.6771708726882935,
    0.674370527267456,
    0.6731285452842712,
    0.6697262525558472,
    0.6690941452980042,
    0.6665788292884827,
    0.6655862927436829,
    0.6648511290550232,
    0.663926899433136,
    0.6629338264465332,
    0.6624914407730103,
    0.6597054600715637,
    0.6591794490814209
  ],
  "val_accuracy": [
    0.5877437591552734,
    0.5510677695274353,
    0.5807799696922302,
    0.5747446417808533,
    0.538997232913971,
    0.5315691828727722,
    0.581244170665741,
    0.5673165917396545,
    0.5701021552085876,
    0.5928505063056946,
    0.5631383657455444,
    0.5937790274620056,
    0.5798514485359192,
    0.5789229273796082
  ],
  "val_auc": [
    0.6408316493034363,
    0.6494057178497314,
    0.6487987041473389,
    0.6424144506454468,
    0.6388230919837952,
    0.6586513519287109,
    0.6412272453308105,
    0.6470127105712891,
    0.6344582438468933,
    0.6554883718490601,
    0.6445032954216003,
    0.6557078957557678,
    0.647850513458252,
    0.6413053274154663
  ],
  "val_loss": [
    0.6966041922569275,
    0.7104029059410095,
    0.6958043575286865,
    0.7012181282043457,
    0.7227579355239868,
    0.7139085531234741,
    0.6922904849052429,
    0.7148624062538147,
    0.7122073769569397,
    0.6888421773910522,
    0.7393167614936829,
    0.6992589831352234,
    0.7097008228302002,
    0.7207700610160828
  ],
  "learning_rate": [
    0.0005000000237487257,
    0.0005000000237487257,
    0.0005000000237487257,
    0.0005000000237487257,
    0.0005000000237487257,
    0.0005000000237487257,
    0.0005000000237487257,
    0.0005000000237487257,
    0.0005000000237487257,
    0.0005000000237487257,
    0.0005000000237487257,
    0.0005000000237487257,
    0.0005000000237487257,
    0.0005000000237487257
  ]
}