{
  "accuracy": [
    0.5479976534843445,
    0.5599535703659058,
    0.5546140670776367,
    0.565525233745575,
    0.5620429515838623,
    0.574230968952179,
    0.5687754154205322,
    0.5770168304443359,
    0.576436460018158
  ],
  "auc": [
    0.5724138617515564,
    0.5810307264328003,
    0.5822194814682007,
    0.591223955154419,
    0.5831621885299683,
    0.6038016080856323,
    0.6056760549545288,
    0.6138584613800049,
    0.6164734363555908
  ],
  "loss": [
    0.6968075633049011,
    0.6925567984580994,
    0.6920905113220215,
    0.6900840401649475,
    0.6929288506507874,
    0.6865092515945435,
    0.6852606534957886,
    0.6824448704719543,
    0.680644154548645
  ],
  "val_accuracy": [
    0.5366759300231934,
    0.5501392483711243,
    0.557567298412323,
    0.5487465262413025,
    0.5385329723358154,
    0.549210786819458,
    0.5519962906837463,
    0.5501392483711243,
    0.5417827367782593
  ],
  "val_auc": [
    0.5778462886810303,
    0.5672733783721924,
    0.5725986361503601,
    0.5722368955612183,
    0.5515395402908325,
    0.5691902041435242,
    0.5665245652198792,
    0.5694018602371216,
    0.5707193613052368
  ],
  "val_loss": [
    0.6953481435775757,
    0.6965191960334778,
    0.6962087154388428,
    0.6963738203048706,
    0.7066273093223572,
    0.7024577260017395,
    0.7048660516738892,
    0.7011726498603821,
    0.7018165588378906
  ],
  "learning_rate": [
    0.0005000000237487257,
    0.0005000000237487257,
    0.0005000000237487257,
    0.0005000000237487257,
    0.0005000000237487257,
    0.00020000000949949026,
    0.00020000000949949026,
    0.00020000000949949026,
    0.00020000000949949026
  ]
}