{
  "accuracy": [
    0.5727220177650452,
    0.5850261449813843,
    0.5880441069602966,
    0.5894370079040527,
    0.5983749032020569,
    0.6092861294746399,
    0.6078932285308838,
    0.6139292120933533,
    0.6124202013015747
  ],
  "auc": [
    0.5993837118148804,
    0.6160662174224854,
    0.6256461143493652,
    0.625499963760376,
    0.6353332996368408,
    0.6491493582725525,
    0.6543216705322266,
    0.6582726240158081,
    0.6580826640129089
  ],
  "loss": [
    0.6897167563438416,
    0.6828070878982544,
    0.6785507202148438,
    0.6789333820343018,
    0.6755644679069519,
    0.6689163446426392,
    0.665559709072113,
    0.6635302305221558,
    0.6635159254074097
  ],
  "val_accuracy": [
    0.5956360101699829,
    0.597493052482605,
    0.591457724571228,
    0.596564531326294,
    0.5441039800643921,
    0.583101212978363,
    0.5775302052497864,
    0.5900650024414062,
    0.5691736340522766
  ],
  "val_auc": [
    0.6469802260398865,
    0.6407700777053833,
    0.6361733675003052,
    0.6226791739463806,
    0.6217607259750366,
    0.6297696828842163,
    0.6316397190093994,
    0.630335807800293,
    0.6272581815719604
  ],
  "val_loss": [
    0.6790280938148499,
    0.683864176273346,
    0.684453010559082,
    0.6835865378379822,
    0.711704432964325,
    0.6948456168174744,
    0.704649031162262,
    0.6946951746940613,
    0.703198254108429
  ],
  "learning_rate": [
    0.0005000000237487257,
    0.0005000000237487257,
    0.0005000000237487257,
    0.0005000000237487257,
    0.0005000000237487257,
    0.00020000000949949026,
    0.00020000000949949026,
    0.00020000000949949026,
    0.00020000000949949026
  ]
}