{
  "accuracy": [
    0.5802669525146484,
    0.589320957660675,
    0.592106819152832,
    0.5910621285438538,
    0.6005803942680359,
    0.6029019355773926,
    0.6009286046028137,
    0.6082414388656616,
    0.6150899529457092
  ],
  "auc": [
    0.6035634279251099,
    0.6186374425888062,
    0.6214613914489746,
    0.6274528503417969,
    0.6324231028556824,
    0.6385442614555359,
    0.6407573223114014,
    0.6452747583389282,
    0.6586880087852478
  ],
  "loss": [
    0.6884470582008362,
    0.6824305057525635,
    0.681037962436676,
    0.6786646842956543,
    0.6775240302085876,
    0.6751095056533813,
    0.6736512780189514,
    0.6717807054519653,
    0.664975106716156
  ],
  "val_accuracy": [
    0.573816180229187,
    0.5626741051673889,
    0.5580315589904785,
    0.5793871879577637,
    0.5663881301879883,
    0.5714948773384094,
    0.5603528022766113,
    0.5710306167602539,
    0.5872794985771179
  ],
  "val_auc": [
    0.623824417591095,
    0.6157466173171997,
    0.6046611070632935,
    0.6226242184638977,
    0.6187375783920288,
    0.6180102825164795,
    0.6088888645172119,
    0.6126953959465027,
    0.6215327382087708
  ],
  "val_loss": [
    0.6836583614349365,
    0.6959335803985596,
    0.7029605507850647,
    0.6814132332801819,
    0.6936355829238892,
    0.6892909407615662,
    0.6912202835083008,
    0.6922297477722168,
    0.6828569769859314
  ],
  "learning_rate": [
    0.0005000000237487257,
    0.0005000000237487257,
    0.0005000000237487257,
    0.0005000000237487257,
    0.0005000000237487257,
    0.0005000000237487257,
    0.0005000000237487257,
    0.0005000000237487257,
    0.00020000000949949026
  ]
}