{
  "accuracy": [
    0.6141613721847534,
    0.6201973557472229,
    0.621009886264801,
    0.6207777261734009,
    0.6270458698272705,
    0.6322693228721619,
    0.639582097530365,
    0.638421356678009,
    0.6407428979873657,
    0.6436448097229004,
    0.645153820514679
  ],
  "auc": [
    0.689055323600769,
    0.6961432695388794,
    0.7012354135513306,
    0.7035611867904663,
    0.7093430161476135,
    0.7158679366111755,
    0.721858561038971,
    0.7243014574050903,
    0.7257260084152222,
    0.7311134934425354,
    0.7320308685302734
  ],
  "loss": [
    0.6247469782829285,
    0.6199706196784973,
    0.6156392097473145,
    0.6122313141822815,
    0.6105479598045349,
    0.6019158959388733,
    0.6014124155044556,
    0.5985075831413269,
    0.5966284871101379,
    0.5929304361343384,
    0.5924478769302368
  ],
  "val_accuracy": [
    0.6225626468658447,
    0.6188486814498901,
    0.6234911680221558,
    0.6207056641578674,
    0.6114206314086914,
    0.6118848919868469,
    0.6151346564292908,
    0.6114206314086914,
    0.6165273785591125,
    0.6104921102523804,
    0.6137418746948242
  ],
  "val_auc": [
    0.7074366807937622,
    0.7043625116348267,
    0.7079858183860779,
    0.6991170644760132,
    0.6981565356254578,
    0.7002853155136108,
    0.7017475962638855,
    0.6972724199295044,
    0.7006422281265259,
    0.6998434662818909,
    0.7005232572555542
  ],
  "val_loss": [
    0.6097593903541565,
    0.6112422347068787,
    0.6113604307174683,
    0.6177240610122681,
    0.6192502975463867,
    0.6207746863365173,
    0.6222863793373108,
    0.625313401222229,
    0.626856803894043,
    0.6278890371322632,
    0.6270371675491333
  ],
  "learning_rate": [
    0.0005000000237487257,
    0.0005000000237487257,
    0.0005000000237487257,
    0.0005000000237487257,
    0.0005000000237487257,
    0.00020000000949949026,
    0.00020000000949949026,
    0.00020000000949949026,
    0.00020000000949949026,
    8.000000525498763e-05,
    8.000000525498763e-05
  ]
}