{
  "accuracy": [
    0.5691236257553101,
    0.5781775712966919,
    0.5830528140068054,
    0.5905978083610535,
    0.5876958966255188,
    0.5997678637504578,
    0.5953569412231445,
    0.598607063293457,
    0.6016250848770142
  ],
  "auc": [
    0.5917744636535645,
    0.6070792078971863,
    0.6152447462081909,
    0.6218218803405762,
    0.6227432489395142,
    0.6355113983154297,
    0.6376480460166931,
    0.6443716287612915,
    0.6455551385879517
  ],
  "loss": [
    0.6927770972251892,
    0.6863275170326233,
    0.6834095120429993,
    0.6803873777389526,
    0.6799055337905884,
    0.6745865941047668,
    0.6728324890136719,
    0.6697181463241577,
    0.668583333492279
  ],
  "val_accuracy": [
    0.5766016840934753,
    0.5742803812026978,
    0.5784586668014526,
    0.5687093734741211,
    0.5747446417808533,
    0.5622098445892334,
    0.5701021552085876,
    0.5612813234329224,
    0.5343546867370605
  ],
  "val_auc": [
    0.6248282790184021,
    0.6193967461585999,
    0.6213808059692383,
    0.618044376373291,
    0.6167895197868347,
    0.6167649626731873,
    0.6206533908843994,
    0.6189781427383423,
    0.6127583384513855
  ],
  "val_loss": [
    0.6856901049613953,
    0.6881389617919922,
    0.6867190599441528,
    0.6873596906661987,
    0.6872206330299377,
    0.690830409526825,
    0.689287543296814,
    0.6915435194969177,
    0.7005187273025513
  ],
  "learning_rate": [
    0.0005000000237487257,
    0.0005000000237487257,
    0.0005000000237487257,
    0.0005000000237487257,
    0.0005000000237487257,
    0.00020000000949949026,
    0.00020000000949949026,
    0.00020000000949949026,
    0.00020000000949949026
  ]
}