{
  "accuracy": 0.5068354430379747,
  "f1": 0.1349911190053286,
  "auc": 0.5856231599607459
}