{
  "accuracy": [
    0.6185722351074219,
    0.6355194449424744,
    0.6341265439987183,
    0.6341265439987183,
    0.6393499970436096,
    0.6480557322502136,
    0.647127091884613,
    0.6486361026763916,
    0.6530470252037048,
    0.6514219641685486,
    0.6539756059646606,
    0.6585026383399963
  ],
  "auc": [
    0.6890564560890198,
    0.7060204744338989,
    0.7087273597717285,
    0.7112394571304321,
    0.7142518758773804,
    0.7237095832824707,
    0.7248620986938477,
    0.7276276350021362,
    0.7326288819313049,
    0.733313798904419,
    0.7340185046195984,
    0.7401204705238342
  ],
  "loss": [
    0.6295598745346069,
    0.6182727217674255,
    0.6130569577217102,
    0.6116683483123779,
    0.6089677810668945,
    0.6006601452827454,
    0.5999852418899536,
    0.5978331565856934,
    0.5943136215209961,
    0.5919328331947327,
    0.5918301939964294,
    0.5868536233901978
  ],
  "val_accuracy": [
    0.6369544863700867,
    0.6332404613494873,
    0.6341689825057983,
    0.6374187469482422,
    0.6346332430839539,
    0.6378830075263977,
    0.6425255537033081,
    0.6378830075263977,
    0.640668511390686,
    0.6402042508125305,
    0.6378830075263977,
    0.6383472681045532
  ],
  "val_auc": [
    0.7094578742980957,
    0.7041630148887634,
    0.7094259262084961,
    0.7114218473434448,
    0.7079373598098755,
    0.7068386673927307,
    0.707546055316925,
    0.7062969207763672,
    0.7082112431526184,
    0.7065414786338806,
    0.7055562734603882,
    0.7043407559394836
  ],
  "val_loss": [
    0.6135962009429932,
    0.6184954643249512,
    0.6182050704956055,
    0.6199493408203125,
    0.6197347640991211,
    0.6213014721870422,
    0.6218317151069641,
    0.6232303380966187,
    0.6253681778907776,
    0.6260095834732056,
    0.6267144083976746,
    0.6283780336380005
  ],
  "learning_rate": [
    0.0005000000237487257,
    0.0005000000237487257,
    0.0005000000237487257,
    0.0005000000237487257,
    0.0005000000237487257,
    0.00020000000949949026,
    0.00020000000949949026,
    0.00020000000949949026,
    0.00020000000949949026,
    8.000000525498763e-05,
    8.000000525498763e-05,
    8.000000525498763e-05
  ]
}