{
  "accuracy": [
    0.507138729095459,
    0.5082994699478149,
    0.5066744089126587,
    0.50493323802948,
    0.50493323802948,
    0.5125942826271057,
    0.5392919182777405,
    0.5520603656768799,
    0.5502031445503235,
    0.5535693764686584,
    0.5731862783432007,
    0.5611143112182617,
    0.5749274492263794,
    0.5686593055725098,
    0.56215900182724,
    0.5739988684654236,
    0.5707486867904663,
    0.5868833661079407,
    0.5916424989700317,
    0.5973302125930786,
    0.5994195938110352,
    0.6077771186828613,
    0.6059198975563049,
    0.6154381632804871,
    0.6124202013015747,
    0.6174114942550659,
    0.6205455660820007,
    0.6199651956558228,
    0.6206616163253784,
    0.6213580965995789,
    0.6266975998878479,
    0.6300638318061829,
    0.6359837651252747,
    0.638421356678009,
    0.6386535167694092,
    0.6428322792053223,
    0.6408589482307434,
    0.637840986251831,
    0.6460824012756348,
    0.6432965993881226
  ],
  "auc": [
    0.49932339787483215,
    0.5072731375694275,
    0.5045554637908936,
    0.5032447576522827,
    0.5094997882843018,
    0.5267559885978699,
    0.5471373796463013,
    0.569046139717102,
    0.5753962993621826,
    0.5827538967132568,
    0.5965354442596436,
    0.5892000198364258,
    0.598597526550293,
    0.5968430042266846,
    0.5944026708602905,
    0.603257417678833,
    0.6016882658004761,
    0.6114185452461243,
    0.6179190874099731,
    0.6284155249595642,
    0.6305261850357056,
    0.637814998626709,
    0.6426467895507812,
    0.6458613872528076,
    0.6504735946655273,
    0.6561429500579834,
    0.6592525839805603,
    0.6607831716537476,
    0.6623537540435791,
    0.6677777767181396,
    0.675053060054779,
    0.6761802434921265,
    0.6855521202087402,
    0.6853411793708801,
    0.6893086433410645,
    0.6941380500793457,
    0.6943796873092651,
    0.6927269697189331,
    0.6995425820350647,
    0.6976562738418579
  ],
  "loss": [
    0.7057270407676697,
    0.7049452662467957,
    0.7046605348587036,
    0.7046445608139038,
    0.7033599019050598,
    0.7010870575904846,
    0.6981901526451111,
    0.6946299076080322,
    0.692550778388977,
    0.6905074119567871,
    0.6868131756782532,
    0.6876378059387207,
    0.6858021020889282,
    0.6854833364486694,
    0.6858844757080078,
    0.6847635507583618,
    0.684523344039917,
    0.681559145450592,
    0.6788187026977539,
    0.6755462288856506,
    0.6747625470161438,
    0.6724662184715271,
    0.6702705025672913,
    0.6687194108963013,
    0.6666545271873474,
    0.6639683246612549,
    0.662830114364624,
    0.6618883013725281,
    0.6610254645347595,
    0.658424437046051,
    0.6542205214500427,
    0.6532641053199768,
    0.6470137238502502,
    0.6478759050369263,
    0.6440796852111816,
    0.6421445608139038,
    0.6412087082862854,
    0.6424883604049683,
    0.6393241286277771,
    0.6394675970077515
  ],
  "val_accuracy": [
    0.49907150864601135,
    0.509285032749176,
    0.5004642605781555,
    0.4781801402568817,
    0.4888579249382019,
    0.4647167921066284,
    0.48978644609451294,
    0.5250696539878845,
    0.5264623761177063,
    0.5496750473976135,
    0.5441039800643921,
    0.5403899550437927,
    0.5413184762001038,
    0.5538532733917236,
    0.5515320301055908,
    0.5501392483711243,
    0.5612813234329224,
    0.5283194184303284,
    0.5631383657455444,
    0.5835654735565186,
    0.5956360101699829,
    0.5979573130607605,
    0.5919219851493835,
    0.5951717495918274,
    0.5863509774208069,
    0.5951717495918274,
    0.5905292630195618,
    0.5923862457275391,
    0.5896007418632507,
    0.5905292630195618,
    0.596564531326294,
    0.5998142957687378,
    0.6007428169250488,
    0.5998142957687378,
    0.596564531326294,
    0.6002785563468933,
    0.6012070775032043,
    0.6007428169250488,
    0.6035283207893372,
    0.6021355390548706
  ],
  "val_auc": [
    0.4979887902736664,
    0.5105129480361938,
    0.5124721527099609,
    0.5131886601448059,
    0.5216929912567139,
    0.5297175049781799,
    0.529703676700592,
    0.5391589403152466,
    0.5058698058128357,
    0.563849687576294,
    0.5367255210876465,
    0.5186640024185181,
    0.5455394387245178,
    0.5417951941490173,
    0.5589252710342407,
    0.5607506036758423,
    0.5853060483932495,
    0.5579231381416321,
    0.5958433151245117,
    0.6083089113235474,
    0.6167443990707397,
    0.6118272542953491,
    0.6154699921607971,
    0.6187399625778198,
    0.6251446604728699,
    0.6275264620780945,
    0.6259786486625671,
    0.6227675676345825,
    0.6256431341171265,
    0.6216645240783691,
    0.6266782283782959,
    0.6305927038192749,
    0.6288701891899109,
    0.6277570724487305,
    0.6268863081932068,
    0.6281507015228271,
    0.6272950172424316,
    0.6294939517974854,
    0.6287306547164917,
    0.6279625296592712
  ],
  "val_loss": [
    0.7069913148880005,
    0.7060017585754395,
    0.7049926519393921,
    0.7057197093963623,
    0.7053187489509583,
    0.7036086916923523,
    0.7034323215484619,
    0.7004286646842957,
    0.703500509262085,
    0.6993054747581482,
    0.7024805545806885,
    0.7002683281898499,
    0.7006285190582275,
    0.6976186633110046,
    0.7005316615104675,
    0.7026260495185852,
    0.7018123269081116,
    0.7051520347595215,
    0.694791316986084,
    0.6929291486740112,
    0.6862385869026184,
    0.6894680857658386,
    0.6881473660469055,
    0.6851850152015686,
    0.6868990063667297,
    0.6843725442886353,
    0.6870479583740234,
    0.692613959312439,
    0.6896129846572876,
    0.6993677616119385,
    0.7027358412742615,
    0.7025476098060608,
    0.7038373351097107,
    0.7128618955612183,
    0.7119964361190796,
    0.7140721678733826,
    0.7163808345794678,
    0.7154827117919922,
    0.7168856859207153,
    0.71714186668396
  ],
  "learning_rate": [
    0.0005000000237487257,
    0.0005000000237487257,
    0.0005000000237487257,
    0.0005000000237487257,
    0.0005000000237487257,
    0.0005000000237487257,
    0.0005000000237487257,
    0.0005000000237487257,
    0.0005000000237487257,
    0.0005000000237487257,
    0.0005000000237487257,
    0.0005000000237487257,
    0.0005000000237487257,
    0.0005000000237487257,
    0.0005000000237487257,
    0.0005000000237487257,
    0.0005000000237487257,
    0.0005000000237487257,
    0.00020000000949949026,
    0.00020000000949949026,
    0.00020000000949949026,
    0.00020000000949949026,
    0.00020000000949949026,
    0.00020000000949949026,
    0.00020000000949949026,
    0.00020000000949949026,
    0.00020000000949949026,
    0.00020000000949949026,
    0.00020000000949949026,
    0.00020000000949949026,
    8.000000525498763e-05,
    8.000000525498763e-05,
    8.000000525498763e-05,
    8.000000525498763e-05,
    3.2000003557186574e-05,
    3.2000003557186574e-05,
    3.2000003557186574e-05,
    3.2000003557186574e-05,
    1.2800001059076749e-05,
    1.2800001059076749e-05
  ]
}