{
  "accuracy": [
    0.6199651956558228,
    0.6251886487007141,
    0.6298316717147827,
    0.6345908045768738,
    0.6338943839073181,
    0.6448055505752563,
    0.6393499970436096,
    0.6455020308494568,
    0.6474753618240356,
    0.6518862247467041,
    0.6551364064216614
  ],
  "auc": [
    0.6917057633399963,
    0.7009925842285156,
    0.7047621607780457,
    0.70778489112854,
    0.7119877338409424,
    0.7220044136047363,
    0.7210506200790405,
    0.7248955368995667,
    0.7271655201911926,
    0.7315430641174316,
    0.7343116998672485
  ],
  "loss": [
    0.6270117163658142,
    0.6189953088760376,
    0.6140004396438599,
    0.6111850142478943,
    0.6086354851722717,
    0.6026840806007385,
    0.5992430448532104,
    0.5979928970336914,
    0.5966339707374573,
    0.5920566916465759,
    0.5905608534812927
  ],
  "val_accuracy": [
    0.6262766718864441,
    0.6272051930427551,
    0.6364902257919312,
    0.6360260248184204,
    0.632311999797821,
    0.6332404613494873,
    0.6332404613494873,
    0.63138347864151,
    0.630454957485199,
    0.6327762007713318,
    0.6295264363288879
  ],
  "val_auc": [
    0.7070146203041077,
    0.7048293352127075,
    0.7116429805755615,
    0.711435854434967,
    0.7100639343261719,
    0.7093104720115662,
    0.7111600041389465,
    0.7108282446861267,
    0.710216224193573,
    0.7091835141181946,
    0.7099310159683228
  ],
  "val_loss": [
    0.613056480884552,
    0.6141952872276306,
    0.6164914965629578,
    0.6147775650024414,
    0.6156574487686157,
    0.6170556545257568,
    0.6177072525024414,
    0.6194208264350891,
    0.6214228868484497,
    0.6230294704437256,
    0.6226256489753723
  ],
  "learning_rate": [
    0.0005000000237487257,
    0.0005000000237487257,
    0.0005000000237487257,
    0.0005000000237487257,
    0.0005000000237487257,
    0.00020000000949949026,
    0.00020000000949949026,
    0.00020000000949949026,
    0.00020000000949949026,
    8.000000525498763e-05,
    8.000000525498763e-05
  ]
}