{
  "accuracy": [
    0.6234474778175354,
    0.627510130405426,
    0.6374927163124084,
    0.6380731463432312,
    0.6396982073783875,
    0.6531630754470825,
    0.6509576439857483,
    0.650493323802948,
    0.6478235721588135
  ],
  "auc": [
    0.6973650455474854,
    0.7038629055023193,
    0.7174208760261536,
    0.7179688215255737,
    0.7207304239273071,
    0.7351120114326477,
    0.7337353229522705,
    0.7314250469207764,
    0.7358999252319336
  ],
  "loss": [
    0.6207536458969116,
    0.6125956177711487,
    0.6051273941993713,
    0.6029771566390991,
    0.6005160808563232,
    0.5917502045631409,
    0.5906664729118347,
    0.5906032919883728,
    0.5873602628707886
  ],
  "val_accuracy": [
    0.6420612931251526,
    0.6253482103347778,
    0.6332404613494873,
    0.6276694536209106,
    0.632311999797821,
    0.6285979747772217,
    0.63138347864151,
    0.6374187469482422,
    0.6346332430839539
  ],
  "val_auc": [
    0.7136127948760986,
    0.7010680437088013,
    0.7018250226974487,
    0.7033129930496216,
    0.7048752307891846,
    0.7021060585975647,
    0.703685462474823,
    0.7015663981437683,
    0.7021844983100891
  ],
  "val_loss": [
    0.6170093417167664,
    0.6201015710830688,
    0.622444212436676,
    0.6223177909851074,
    0.6236270666122437,
    0.627427339553833,
    0.6276809573173523,
    0.6290530562400818,
    0.6320692896842957
  ],
  "learning_rate": [
    0.0005000000237487257,
    0.0005000000237487257,
    0.0005000000237487257,
    0.0005000000237487257,
    0.0005000000237487257,
    0.00020000000949949026,
    0.00020000000949949026,
    0.00020000000949949026,
    0.00020000000949949026
  ]
}