{
  "accuracy": [
    0.503772497177124,
    0.5036563873291016,
    0.503192126750946,
    0.5060940384864807,
    0.5005223155021667,
    0.5066744089126587,
    0.5048171877861023,
    0.5122460722923279,
    0.5120139122009277,
    0.5106210112571716,
    0.5060940384864807,
    0.507138729095459,
    0.500986635684967,
    0.513058602809906,
    0.525130569934845,
    0.5252466797828674
  ],
  "auc": [
    0.49969246983528137,
    0.5058425664901733,
    0.5026265978813171,
    0.5045434236526489,
    0.5017563104629517,
    0.508904755115509,
    0.5041224360466003,
    0.5113272666931152,
    0.509160578250885,
    0.5141811370849609,
    0.5130825638771057,
    0.5109714269638062,
    0.5010075569152832,
    0.5179849863052368,
    0.5296332836151123,
    0.5373655557632446
  ],
  "loss": [
    0.7064111828804016,
    0.704175591468811,
    0.705226480960846,
    0.7042599320411682,
    0.7040020227432251,
    0.7031622529029846,
    0.7030870914459229,
    0.7017140984535217,
    0.7013986706733704,
    0.7010519504547119,
    0.7010844349861145,
    0.701187789440155,
    0.7011762857437134,
    0.6995596289634705,
    0.6985634565353394,
    0.69757080078125
  ],
  "val_accuracy": [
    0.5,
    0.5004642605781555,
    0.5139275789260864,
    0.4976787269115448,
    0.49675023555755615,
    0.5013927817344666,
    0.5027855038642883,
    0.5171773433685303,
    0.5171773433685303,
    0.5004642605781555,
    0.5111420750617981,
    0.5111420750617981,
    0.5,
    0.5055710077285767,
    0.5032497644424438,
    0.5032497644424438
  ],
  "val_auc": [
    0.5024672150611877,
    0.5089377164840698,
    0.5039303302764893,
    0.5016192197799683,
    0.510612964630127,
    0.5043942928314209,
    0.5055017471313477,
    0.515408992767334,
    0.5055237412452698,
    0.5061191320419312,
    0.5074895620346069,
    0.5100951790809631,
    0.4984980523586273,
    0.504906415939331,
    0.5039774179458618,
    0.49944257736206055
  ],
  "val_loss": [
    0.7044198513031006,
    0.7033010125160217,
    0.7039042711257935,
    0.7038279175758362,
    0.702445387840271,
    0.7025740146636963,
    0.7020069360733032,
    0.7011114358901978,
    0.7010902166366577,
    0.7015543580055237,
    0.7016383409500122,
    0.7013712525367737,
    0.702656626701355,
    0.7022899985313416,
    0.7012918591499329,
    0.7037208080291748
  ],
  "learning_rate": [
    0.0005000000237487257,
    0.0005000000237487257,
    0.0005000000237487257,
    0.0005000000237487257,
    0.0005000000237487257,
    0.0005000000237487257,
    0.0005000000237487257,
    0.0005000000237487257,
    0.0005000000237487257,
    0.0005000000237487257,
    0.0005000000237487257,
    0.0005000000237487257,
    0.00020000000949949026,
    0.00020000000949949026,
    0.00020000000949949026,
    0.00020000000949949026
  ]
}