{
  "accuracy": [
    0.4975043535232544,
    0.49959373474121094,
    0.4943702816963196,
    0.49959373474121094,
    0.5002902150154114,
    0.5033081769943237,
    0.5109692215919495,
    0.5101566910743713,
    0.5161926746368408
  ],
  "auc": [
    0.49451911449432373,
    0.4961472451686859,
    0.49484771490097046,
    0.4984256625175476,
    0.5030795335769653,
    0.5036675930023193,
    0.5110510587692261,
    0.5136716365814209,
    0.5232040882110596
  ],
  "loss": [
    0.706410825252533,
    0.7064829468727112,
    0.7060021758079529,
    0.7049631476402283,
    0.7044764161109924,
    0.7038976550102234,
    0.7025240659713745,
    0.7022621631622314,
    0.7012527585029602
  ],
  "val_accuracy": [
    0.5060352683067322,
    0.49721449613571167,
    0.4865366816520691,
    0.4846796691417694,
    0.4777158796787262,
    0.48978644609451294,
    0.4893221855163574,
    0.4684308171272278,
    0.47214484214782715
  ],
  "val_auc": [
    0.5026825666427612,
    0.49474313855171204,
    0.49218058586120605,
    0.4850935935974121,
    0.48582780361175537,
    0.4969293177127838,
    0.49241578578948975,
    0.48971545696258545,
    0.4892060458660126
  ],
  "val_loss": [
    0.7044324278831482,
    0.7050739526748657,
    0.7044537663459778,
    0.7057141065597534,
    0.7045497298240662,
    0.7035455703735352,
    0.70389324426651,
    0.7049285173416138,
    0.7042867541313171
  ],
  "learning_rate": [
    0.0005000000237487257,
    0.0005000000237487257,
    0.0005000000237487257,
    0.0005000000237487257,
    0.0005000000237487257,
    0.00020000000949949026,
    0.00020000000949949026,
    0.00020000000949949026,
    0.00020000000949949026
  ]
}