{
  "accuracy": [
    0.5056976675987244,
    0.5243099331855774,
    0.5517852902412415,
    0.5711572766304016,
    0.5857179164886475,
    0.5864775776863098,
    0.5847049951553345,
    0.5981261134147644
  ],
  "auc": [
    0.5094482898712158,
    0.5332829356193542,
    0.5682365894317627,
    0.599254846572876,
    0.6211884021759033,
    0.6285519599914551,
    0.6299824714660645,
    0.6433727145195007
  ],
  "loss": [
    0.6971169114112854,
    0.691968560218811,
    0.6857113838195801,
    0.6776723861694336,
    0.6693391799926758,
    0.6663569808006287,
    0.6652050614356995,
    0.6594592332839966
  ],
  "val_accuracy": [
    0.500759482383728,
    0.5058227777481079,
    0.49873417615890503,
    0.5068354606628418,
    0.5154430270195007,
    0.5164557099342346,
    0.5098733901977539,
    0.5048101544380188
  ],
  "val_auc": [
    0.5284741520881653,
    0.5493658781051636,
    0.5766174793243408,
    0.5852207541465759,
    0.5847516059875488,
    0.5832534432411194,
    0.5811033844947815,
    0.5822674632072449
  ],
  "val_loss": [
    0.6982694864273071,
    0.7083719968795776,
    0.7370922565460205,
    0.7271497845649719,
    0.7174138426780701,
    0.7047762274742126,
    0.724086582660675,
    0.7226513028144836
  ],
  "learning_rate": [
    0.0010000000474974513,
    0.0010000000474974513,
    0.0010000000474974513,
    0.0010000000474974513,
    0.0005000000237487257,
    0.0005000000237487257,
    0.0005000000237487257,
    0.0002500000118743628
  ]
}