{
  "accuracy": [
    0.5773650407791138,
    0.5895531177520752,
    0.5933836102485657,
    0.5945444107055664,
    0.604178786277771,
    0.6000000238418579,
    0.5984910130500793,
    0.6011607646942139,
    0.6018572449684143,
    0.6049913167953491
  ],
  "auc": [
    0.6057088971138,
    0.626345157623291,
    0.6359357833862305,
    0.640906572341919,
    0.64369136095047,
    0.6416753530502319,
    0.6461451649665833,
    0.6467965841293335,
    0.6517139077186584,
    0.6483438014984131
  ],
  "loss": [
    0.6883358359336853,
    0.6785921454429626,
    0.6745033860206604,
    0.6718636751174927,
    0.6720205545425415,
    0.67307049036026,
    0.6699667572975159,
    0.6709582805633545,
    0.6682940721511841,
    0.6704638004302979
  ],
  "val_accuracy": [
    0.5148561000823975,
    0.6174558997154236,
    0.6090993285179138,
    0.6104921102523804,
    0.6123490929603577,
    0.591457724571228,
    0.6053853034973145,
    0.6039925813674927,
    0.6146703958511353,
    0.6063138246536255
  ],
  "val_auc": [
    0.6570028066635132,
    0.6666767597198486,
    0.6601434946060181,
    0.6584550738334656,
    0.6590991020202637,
    0.6577184200286865,
    0.6559587717056274,
    0.6531146168708801,
    0.6567528247833252,
    0.656661868095398
  ],
  "val_loss": [
    0.6914302110671997,
    0.6784104108810425,
    0.6802202463150024,
    0.6730899214744568,
    0.6803052425384521,
    0.6846801042556763,
    0.6724030375480652,
    0.6818508505821228,
    0.6710303425788879,
    0.6710996031761169
  ],
  "learning_rate": [
    0.0005000000237487257,
    0.0005000000237487257,
    0.0005000000237487257,
    0.0005000000237487257,
    0.0005000000237487257,
    0.0005000000237487257,
    0.0005000000237487257,
    0.0005000000237487257,
    0.0005000000237487257,
    0.0005000000237487257
  ]
}